,Unnamed: 0,time,open,high,low,close,volume,Stock
0,0,2023-04-05 20:00:00,100.9301,101.0,100.88,100.94,18768,AMZN
1,1,2023-04-05 19:45:00,100.95,101.0,100.92,100.95,4666,AMZN
2,2,2023-04-05 19:30:00,100.93,101.01,100.93,101.01,6580,AMZN
3,3,2023-04-05 19:15:00,100.99,101.0,100.91,101.0,6573,AMZN
4,4,2023-04-05 19:00:00,100.97,101.03,100.91,101.0,12462,AMZN
5,5,2023-04-05 18:45:00,101.04,101.04,100.88,100.98,10848,AMZN
6,6,2023-04-05 18:30:00,100.95,101.04,100.95,101.0056,9876,AMZN
7,7,2023-04-05 18:15:00,101.02,101.05,100.95,100.95,14628,AMZN
8,8,2023-04-05 18:00:00,101.01,101.02,100.98,101.0,6039,AMZN
9,9,2023-04-05 17:45:00,101.04,101.05,101.0,101.02,13033,AMZN
10,10,2023-04-05 17:30:00,101.04,101.06,101.01,101.05,8665,AMZN
11,11,2023-04-05 17:15:00,101.05,101.1,101.02,101.02,12071,AMZN
12,12,2023-04-05 17:00:00,101.04,101.08,101.02,101.06,60975,AMZN
13,13,2023-04-05 16:45:00,100.96,101.09,100.96,101.08,25516,AMZN
14,14,2023-04-05 16:30:00,101.08,101.08,100.81,100.96,74529,AMZN
15,15,2023-04-05 16:15:00,101.1,101.1651,101.08,101.1,1092205,AMZN
16,16,2023-04-05 16:00:00,101.5,101.51,101.03,101.1,3613417,AMZN
17,17,2023-04-05 15:45:00,101.15,101.51,101.1112,101.4982,1399194,AMZN
18,18,2023-04-05 15:30:00,101.045,101.33,101.01,101.135,1103600,AMZN
19,19,2023-04-05 15:15:00,101.43,101.4391,101.01,101.04,1345522,AMZN
20,20,2023-04-05 15:00:00,101.49,101.63,101.415,101.434,689722,AMZN
21,21,2023-04-05 14:45:00,101.39,101.68,101.37,101.495,1252662,AMZN
22,22,2023-04-05 14:30:00,101.5814,101.67,101.37,101.3907,773026,AMZN
23,23,2023-04-05 14:15:00,101.5414,101.75,101.44,101.5816,1126345,AMZN
24,24,2023-04-05 14:00:00,101.425,101.6,101.38,101.5401,848611,AMZN
25,25,2023-04-05 13:45:00,101.2701,101.46,101.2128,101.425,722290,AMZN
26,26,2023-04-05 13:30:00,101.22,101.4371,101.16,101.28,894652,AMZN
27,27,2023-04-05 13:15:00,101.195,101.395,101.07,101.2124,951733,AMZN
28,28,2023-04-05 13:00:00,101.2101,101.26,101.065,101.19,942884,AMZN
29,29,2023-04-05 12:45:00,101.14,101.295,100.98,101.2128,926221,AMZN
30,30,2023-04-05 12:30:00,101.08,101.3,100.96,101.15,908868,AMZN
31,31,2023-04-05 12:15:00,101.27,101.27,100.9427,101.0619,956980,AMZN
32,32,2023-04-05 12:00:00,101.34,101.53,101.1618,101.265,1150150,AMZN
33,33,2023-04-05 11:45:00,101.37,101.62,101.3,101.34,1250527,AMZN
34,34,2023-04-05 11:30:00,101.26,101.4796,101.25,101.365,1244348,AMZN
35,35,2023-04-05 11:15:00,100.97,101.32,100.7506,101.26,1598819,AMZN
36,36,2023-04-05 11:00:00,101.41,101.435,100.945,100.97,1927595,AMZN
37,37,2023-04-05 10:45:00,101.6,101.73,101.3516,101.41,1928748,AMZN
38,38,2023-04-05 10:30:00,101.91,102.03,101.58,101.6099,2003675,AMZN
39,39,2023-04-05 10:15:00,102.75,102.92,101.79,101.92,3127564,AMZN
40,40,2023-04-05 10:00:00,102.84,102.9599,102.4301,102.715,2411827,AMZN
41,41,2023-04-05 09:45:00,103.91,103.91,102.675,102.8399,3974726,AMZN
42,42,2023-04-05 09:30:00,104.1,104.11,103.85,103.95,52363,AMZN
43,43,2023-04-05 09:15:00,104.05,104.22,103.95,104.12,73814,AMZN
44,44,2023-04-05 09:00:00,104.04,104.09,103.98,104.08,35590,AMZN
45,45,2023-04-05 08:45:00,104.13,104.15,103.88,104.1,109227,AMZN
46,46,2023-04-05 08:30:00,103.8,104.24,103.7,104.06,76957,AMZN
47,47,2023-04-05 08:15:00,103.8265,104.3,103.6,103.79,79678,AMZN
48,48,2023-04-05 08:00:00,103.77,103.81,103.77,103.79,6736,AMZN
49,49,2023-04-05 07:45:00,103.76,103.8,103.66,103.79,8352,AMZN
50,50,2023-04-05 07:30:00,103.69,103.85,103.69,103.75,16374,AMZN
51,51,2023-04-05 07:15:00,103.94,103.95,103.66,103.66,18376,AMZN
52,52,2023-04-05 07:00:00,103.85,103.9,103.85,103.9,1524,AMZN
53,53,2023-04-05 06:45:00,103.84,103.93,103.72,103.85,3833,AMZN
54,54,2023-04-05 06:30:00,103.77,103.84,103.72,103.84,4256,AMZN
55,55,2023-04-05 06:15:00,103.78,103.78,103.67,103.67,781,AMZN
56,56,2023-04-05 06:00:00,103.79,103.79,103.65,103.78,2790,AMZN
57,57,2023-04-05 05:45:00,103.79,103.79,103.66,103.75,1161,AMZN
58,58,2023-04-05 05:30:00,103.75,103.82,103.7,103.7,2392,AMZN
59,59,2023-04-05 05:15:00,103.74,103.81,103.67,103.81,3076,AMZN
60,60,2023-04-05 05:00:00,103.53,103.8,103.53,103.8,1554,AMZN
61,61,2023-04-05 04:45:00,103.68,103.68,103.62,103.62,1185,AMZN
62,62,2023-04-05 04:30:00,103.69,103.69,103.69,103.69,928,AMZN
63,63,2023-04-05 04:15:00,104.18,104.18,103.53,103.53,3280,AMZN
64,64,2023-04-04 20:00:00,104.1499,104.21,104.1499,104.2,11585,AMZN
65,65,2023-04-04 19:45:00,104.1,104.14,104.05,104.14,8842,AMZN
66,66,2023-04-04 19:30:00,103.95,104.1,103.95,104.1,13029,AMZN
67,67,2023-04-04 19:15:00,103.95,103.96,103.94,103.95,3082,AMZN
68,68,2023-04-04 19:00:00,103.87,103.99,103.85,103.95,3854,AMZN
69,69,2023-04-04 18:45:00,103.92,103.95,103.83,103.89,13942,AMZN
70,70,2023-04-04 18:30:00,103.92,103.95,103.92,103.92,3790,AMZN
71,71,2023-04-04 18:15:00,103.92,103.99,103.92,103.92,10198,AMZN
72,72,2023-04-04 18:00:00,103.95,103.98,103.91,103.92,10822,AMZN
73,73,2023-04-04 17:45:00,103.9118,103.98,103.91,103.93,4892,AMZN
74,74,2023-04-04 17:30:00,103.97,103.97,103.91,103.95,4675,AMZN
75,75,2023-04-04 17:15:00,103.9363,103.99,103.92,103.96,13197,AMZN
76,76,2023-04-04 17:00:00,104.01,104.05,103.937,103.94,138138,AMZN
77,77,2023-04-04 16:45:00,103.69,104.1,103.68,103.97,60141,AMZN
78,78,2023-04-04 16:30:00,103.98,104.08,103.58,103.64,437393,AMZN
79,79,2023-04-04 16:15:00,103.95,104.14,103.91,103.95,1130847,AMZN
80,80,2023-04-04 16:00:00,103.76,104.02,103.5545,104.0,3454204,AMZN
81,81,2023-04-04 15:45:00,103.95,104.05,103.695,103.75,1769001,AMZN
82,82,2023-04-04 15:30:00,103.9216,104.2,103.87,103.9478,2401256,AMZN
83,83,2023-04-04 15:15:00,103.67,103.95,103.515,103.925,1496308,AMZN
84,84,2023-04-04 15:00:00,103.665,103.89,103.535,103.67,2094596,AMZN
85,85,2023-04-04 14:45:00,103.125,103.69,103.0,103.6699,1690814,AMZN
86,86,2023-04-04 14:30:00,103.37,103.38,103.0725,103.13,857010,AMZN
87,87,2023-04-04 14:15:00,103.235,103.4199,103.2,103.365,703800,AMZN
88,88,2023-04-04 14:00:00,103.2,103.42,103.08,103.255,1200661,AMZN
89,89,2023-04-04 13:45:00,103.175,103.4,103.16,103.2056,1237231,AMZN
90,90,2023-04-04 13:30:00,102.77,103.27,102.77,103.1799,1190558,AMZN
91,91,2023-04-04 13:15:00,102.81,102.88,102.7,102.775,723432,AMZN
92,92,2023-04-04 13:00:00,102.75,102.85,102.6324,102.8099,876190,AMZN
93,93,2023-04-04 12:45:00,102.6091,102.82,102.56,102.747,792550,AMZN
94,94,2023-04-04 12:30:00,102.31,102.68,102.11,102.61,1015620,AMZN
95,95,2023-04-04 12:15:00,102.76,102.879,102.21,102.325,1052999,AMZN
96,96,2023-04-04 12:00:00,102.62,102.9,102.61,102.75,1003531,AMZN
97,97,2023-04-04 11:45:00,102.52,102.74,102.43,102.6199,880788,AMZN
98,98,2023-04-04 11:30:00,102.52,102.59,102.17,102.54,1242466,AMZN
99,99,2023-04-04 11:15:00,102.99,103.0001,102.25,102.525,1888400,AMZN
100,100,2023-04-04 11:00:00,103.02,103.27,102.87,102.985,1351261,AMZN
101,101,2023-04-04 10:45:00,103.23,103.52,102.95,103.0277,1597816,AMZN
102,102,2023-04-04 10:30:00,103.51,103.54,102.7666,103.23,2002863,AMZN
103,103,2023-04-04 10:15:00,102.67,103.77,102.66,103.51,3420016,AMZN
104,104,2023-04-04 10:00:00,102.51,103.11,102.405,102.67,2118355,AMZN
105,105,2023-04-04 09:45:00,102.75,103.08,102.4407,102.52,3245714,AMZN
106,106,2023-04-04 09:30:00,103.12,103.12,102.64,102.75,81864,AMZN
107,107,2023-04-04 09:15:00,103.19,103.26,103.04,103.12,67194,AMZN
108,108,2023-04-04 09:00:00,103.26,103.3,103.13,103.17,50788,AMZN
109,109,2023-04-04 08:45:00,103.33,103.38,103.24,103.27,30478,AMZN
110,110,2023-04-04 08:30:00,103.46,103.46,103.24,103.35,48907,AMZN
111,111,2023-04-04 08:15:00,102.8813,103.65,101.85,103.4,145075,AMZN
112,112,2023-04-04 08:00:00,103.41,103.6,103.4,103.56,23627,AMZN
113,113,2023-04-04 07:45:00,103.5,103.5,103.38,103.38,12913,AMZN
114,114,2023-04-04 07:30:00,102.92,103.57,102.85,103.57,55067,AMZN
115,115,2023-04-04 07:15:00,102.95,102.98,102.84,102.9,19844,AMZN
116,116,2023-04-04 07:00:00,102.98,102.98,102.68,102.8,2199,AMZN
117,117,2023-04-04 06:45:00,102.93,102.99,102.93,102.97,2179,AMZN
118,118,2023-04-04 06:30:00,102.83,102.95,102.83,102.95,1550,AMZN
119,119,2023-04-04 06:15:00,103.0,103.0,102.1,102.84,13755,AMZN
120,120,2023-04-04 06:00:00,102.83,103.1,102.83,103.1,10437,AMZN
121,121,2023-04-04 05:45:00,102.7,102.88,102.7,102.83,4897,AMZN
122,122,2023-04-04 05:30:00,102.55,102.79,102.3,102.59,9732,AMZN
123,123,2023-04-04 05:15:00,102.54,102.54,102.48,102.54,785,AMZN
124,124,2023-04-04 05:00:00,102.35,102.5,102.35,102.5,399,AMZN
125,125,2023-04-04 04:30:00,102.37,102.4,102.37,102.39,1729,AMZN
126,126,2023-04-04 04:15:00,102.2,102.33,102.2,102.33,1558,AMZN
127,127,2023-04-03 20:00:00,102.33,102.35,102.3,102.35,8571,AMZN
128,128,2023-04-03 19:45:00,102.3,102.35,102.29,102.33,12892,AMZN
129,129,2023-04-03 19:30:00,102.3,102.32,102.29,102.32,1394,AMZN
130,130,2023-04-03 19:15:00,102.26,102.29,102.2501,102.29,1134,AMZN
131,131,2023-04-03 19:00:00,102.27,102.2984,102.23,102.23,6432,AMZN
132,132,2023-04-03 18:45:00,102.32,102.32,102.3,102.3,2868,AMZN
133,133,2023-04-03 18:30:00,102.3267,102.3267,102.3,102.32,4450,AMZN
134,134,2023-04-03 18:15:00,102.32,102.35,102.3,102.31,8201,AMZN
135,135,2023-04-03 18:00:00,102.36,102.38,102.33,102.38,4745,AMZN
136,136,2023-04-03 17:45:00,102.38,102.38,102.38,102.38,6983,AMZN
137,137,2023-04-03 17:30:00,102.31,102.4,102.31,102.38,28036,AMZN
138,138,2023-04-03 17:15:00,102.33,102.41,102.3,102.34,7589,AMZN
139,139,2023-04-03 17:00:00,102.37,102.37,102.26,102.3,128559,AMZN
140,140,2023-04-03 16:45:00,102.34,102.39,102.34,102.36,9216,AMZN
141,141,2023-04-03 16:30:00,102.38,102.41,102.28,102.36,68211,AMZN
142,142,2023-04-03 16:15:00,102.41,102.55,102.34,102.39,1157891,AMZN
143,143,2023-04-03 16:00:00,102.44,102.59,102.35,102.39,2526251,AMZN
144,144,2023-04-03 15:45:00,102.18,102.445,102.18,102.44,1513724,AMZN
145,145,2023-04-03 15:30:00,102.08,102.23,102.01,102.185,1024224,AMZN
146,146,2023-04-03 15:15:00,101.95,102.18,101.9,102.09,970588,AMZN
147,147,2023-04-03 15:00:00,101.845,102.006,101.84,101.945,767704,AMZN
148,148,2023-04-03 14:45:00,101.71,101.95,101.7,101.8508,764976,AMZN
149,149,2023-04-03 14:30:00,101.535,101.7299,101.43,101.71,1034320,AMZN
150,150,2023-04-03 14:15:00,101.74,101.76,101.52,101.535,830707,AMZN
151,151,2023-04-03 14:00:00,101.825,101.83,101.58,101.7301,832433,AMZN
152,152,2023-04-03 13:45:00,101.71,101.965,101.59,101.8395,1030638,AMZN
153,153,2023-04-03 13:30:00,101.87,101.965,101.68,101.72,886984,AMZN
154,154,2023-04-03 13:15:00,101.9,101.95,101.775,101.86,2189818,AMZN
155,155,2023-04-03 13:00:00,101.98,102.1,101.88,101.9036,817100,AMZN
156,156,2023-04-03 12:45:00,102.18,102.28,101.95,101.99,964115,AMZN
157,157,2023-04-03 12:30:00,102.18,102.35,102.15,102.18,710675,AMZN
158,158,2023-04-03 12:15:00,102.2191,102.26,102.06,102.17,664495,AMZN
159,159,2023-04-03 12:00:00,102.01,102.24,102.0,102.2101,666439,AMZN
160,160,2023-04-03 11:45:00,102.14,102.33,101.9661,102.01,1004809,AMZN
161,161,2023-04-03 11:30:00,101.9,102.2,101.8524,102.15,972291,AMZN
162,162,2023-04-03 11:15:00,101.94,102.11,101.83,101.905,1578012,AMZN
163,163,2023-04-03 11:00:00,102.51,102.53,101.87,101.93,1999638,AMZN
164,164,2023-04-03 10:45:00,102.985,103.024,102.36,102.5042,1491955,AMZN
165,165,2023-04-03 10:30:00,102.705,103.12,102.6627,102.98,1537227,AMZN
166,166,2023-04-03 10:15:00,102.56,103.29,102.46,102.71,2201483,AMZN
167,167,2023-04-03 10:00:00,102.155,103.0,102.07,102.555,2476007,AMZN
168,168,2023-04-03 09:45:00,102.3,102.5216,101.7,102.15,4367081,AMZN
169,169,2023-04-03 09:30:00,102.46,102.51,102.23,102.29,53412,AMZN
170,170,2023-04-03 09:15:00,102.49,102.52,102.36,102.47,57776,AMZN
171,171,2023-04-03 09:00:00,102.16,102.54,102.11,102.49,64237,AMZN
172,172,2023-04-03 08:45:00,102.16,102.19,102.02,102.16,55704,AMZN
173,173,2023-04-03 08:30:00,102.29,102.3,102.1,102.17,75768,AMZN
174,174,2023-04-03 08:15:00,102.5,103.032,102.03,102.3,102433,AMZN
175,175,2023-04-03 08:00:00,102.35,102.38,102.27,102.29,34562,AMZN
176,176,2023-04-03 07:45:00,102.42,102.5,102.26,102.35,14199,AMZN
177,177,2023-04-03 07:30:00,102.34,102.57,102.34,102.43,34151,AMZN
178,178,2023-04-03 07:15:00,102.11,102.52,102.05,102.35,54498,AMZN
179,179,2023-04-03 07:00:00,102.15,102.2,102.04,102.04,6335,AMZN
180,180,2023-04-03 06:45:00,102.27,102.28,102.11,102.15,4547,AMZN
181,181,2023-04-03 06:30:00,102.31,102.35,102.3,102.35,1657,AMZN
182,182,2023-04-03 06:15:00,102.39,102.49,102.17,102.3,6367,AMZN
183,183,2023-04-03 06:00:00,102.33,102.35,102.32,102.35,3286,AMZN
184,184,2023-04-03 05:45:00,102.34,102.34,102.33,102.34,2352,AMZN
185,185,2023-04-03 05:30:00,102.42,102.48,102.35,102.35,5686,AMZN
186,186,2023-04-03 05:15:00,102.33,102.43,102.33,102.42,2367,AMZN
187,187,2023-04-03 05:00:00,102.34,102.43,102.33,102.34,5290,AMZN
188,188,2023-04-03 04:45:00,102.28,102.43,102.28,102.32,3310,AMZN
189,189,2023-04-03 04:30:00,102.48,102.48,102.29,102.29,8091,AMZN
190,190,2023-04-03 04:15:00,102.0,102.7,102.0,102.52,15788,AMZN
191,191,2023-03-31 20:00:00,103.27,103.32,103.27,103.31,11274,AMZN
192,192,2023-03-31 19:45:00,103.33,103.33,103.27,103.3,4846,AMZN
193,193,2023-03-31 19:30:00,103.25,103.33,103.25,103.3,3646,AMZN
194,194,2023-03-31 19:15:00,103.3,103.3,103.25,103.27,5408,AMZN
195,195,2023-03-31 19:00:00,103.28,103.29,103.24,103.29,5352,AMZN
196,196,2023-03-31 18:45:00,103.27,103.32,103.27,103.3,1933,AMZN
197,197,2023-03-31 18:30:00,103.26,103.3,103.26,103.3,8018,AMZN
198,198,2023-03-31 18:15:00,103.2299,103.31,103.2299,103.3,9043,AMZN
199,199,2023-03-31 18:00:00,103.2401,103.29,103.22,103.22,5083,AMZN
200,200,2023-03-31 17:45:00,103.24,103.29,103.22,103.2478,6320,AMZN
201,201,2023-03-31 17:30:00,103.31,103.32,103.21,103.22,8229,AMZN
202,202,2023-03-31 17:15:00,103.21,103.31,103.21,103.31,9439,AMZN
203,203,2023-03-31 17:00:00,103.17,103.39,103.17,103.23,47082,AMZN
204,204,2023-03-31 16:45:00,103.16,103.2,103.15,103.2,8438,AMZN
205,205,2023-03-31 16:30:00,103.2,103.29,103.15,103.16,714162,AMZN
206,206,2023-03-31 16:15:00,103.29,103.29,103.1132,103.25,2465385,AMZN
207,207,2023-03-31 16:00:00,102.96,103.42,102.72,103.29,6378602,AMZN
208,208,2023-03-31 15:45:00,103.1875,103.28,102.83,102.955,2025139,AMZN
209,209,2023-03-31 15:30:00,103.045,103.28,103.0401,103.185,1666761,AMZN
210,210,2023-03-31 15:15:00,102.855,103.13,102.84,103.05,1316069,AMZN
211,211,2023-03-31 15:00:00,102.925,102.925,102.71,102.8501,961934,AMZN
212,212,2023-03-31 14:45:00,102.9001,102.975,102.84,102.925,808598,AMZN
213,213,2023-03-31 14:30:00,103.04,103.08,102.71,102.9,1178615,AMZN
214,214,2023-03-31 14:15:00,102.98,103.195,102.97,103.035,1060062,AMZN
215,215,2023-03-31 14:00:00,102.845,103.02,102.775,102.975,622259,AMZN
216,216,2023-03-31 13:45:00,102.9691,103.14,102.77,102.8485,1134713,AMZN
217,217,2023-03-31 13:30:00,102.93,103.04,102.8601,102.95,1021240,AMZN
218,218,2023-03-31 13:15:00,102.822,102.965,102.64,102.93,1362746,AMZN
219,219,2023-03-31 13:00:00,102.938,102.97,102.8001,102.825,1076942,AMZN
220,220,2023-03-31 12:45:00,103.13,103.21,102.92,102.935,1275851,AMZN
221,221,2023-03-31 12:30:00,102.925,103.14,102.82,103.135,1057384,AMZN
222,222,2023-03-31 12:15:00,103.245,103.27,102.88,102.93,1068984,AMZN
223,223,2023-03-31 12:00:00,103.2293,103.29,103.025,103.25,1495062,AMZN
224,224,2023-03-31 11:45:00,102.91,103.23,102.873,103.2299,1769198,AMZN
225,225,2023-03-31 11:30:00,102.83,103.09,102.74,102.91,1644460,AMZN
226,226,2023-03-31 11:15:00,102.915,102.9574,102.705,102.8199,1358587,AMZN
227,227,2023-03-31 11:00:00,102.97,103.01,102.63,102.91,1522971,AMZN
228,228,2023-03-31 10:45:00,102.485,103.09,102.41,102.96,2489369,AMZN
229,229,2023-03-31 10:30:00,102.42,102.67,102.14,102.49,1703480,AMZN
230,230,2023-03-31 10:15:00,102.54,102.71,102.2618,102.425,2290417,AMZN
231,231,2023-03-31 10:00:00,102.8101,102.9501,102.53,102.54,2035292,AMZN
232,232,2023-03-31 09:45:00,102.16,102.9097,101.95,102.82,3467071,AMZN
233,233,2023-03-31 09:30:00,102.38,102.49,102.04,102.19,126987,AMZN
234,234,2023-03-31 09:15:00,102.18,102.43,102.16,102.38,59820,AMZN
235,235,2023-03-31 09:00:00,102.23,102.37,102.12,102.12,47294,AMZN
236,236,2023-03-31 08:45:00,101.75,102.45,101.72,102.23,131453,AMZN
237,237,2023-03-31 08:30:00,101.87,101.8701,101.16,101.86,20696,AMZN
238,238,2023-03-31 08:15:00,102.0785,102.5,101.5615,101.85,58476,AMZN
239,239,2023-03-31 08:00:00,101.98,102.02,101.91,101.91,10716,AMZN
240,240,2023-03-31 07:45:00,102.04,102.09,102.04,102.08,2184,AMZN
241,241,2023-03-31 07:30:00,102.06,102.06,102.0,102.0,6987,AMZN
242,242,2023-03-31 07:15:00,101.91,102.09,101.89,102.08,18995,AMZN
243,243,2023-03-31 07:00:00,101.77,101.8,101.76,101.79,1638,AMZN
244,244,2023-03-31 06:45:00,101.77,101.88,101.75,101.75,2103,AMZN
245,245,2023-03-31 06:15:00,101.8,101.8,101.68,101.68,2399,AMZN
246,246,2023-03-31 06:00:00,101.68,101.68,101.68,101.68,212,AMZN
247,247,2023-03-31 05:45:00,101.84,101.84,101.84,101.84,1218,AMZN
248,248,2023-03-31 05:30:00,101.88,101.89,101.84,101.89,1169,AMZN
249,249,2023-03-31 05:15:00,101.7,101.84,101.68,101.83,4199,AMZN
250,250,2023-03-31 05:00:00,101.7,101.79,101.7,101.78,2007,AMZN
251,251,2023-03-31 04:45:00,101.6,101.75,101.6,101.75,2451,AMZN
252,252,2023-03-31 04:30:00,101.75,101.75,101.48,101.6,5190,AMZN
253,253,2023-03-31 04:15:00,101.98,102.05,101.77,101.77,1673,AMZN
254,254,2023-03-30 20:00:00,101.92,102.05,101.91,102.0,13470,AMZN
255,255,2023-03-30 19:45:00,101.88,102.0,101.88,101.93,6292,AMZN
256,256,2023-03-30 19:30:00,101.93,101.98,101.9,101.94,3531,AMZN
257,257,2023-03-30 19:15:00,101.85,101.99,101.85,101.99,4667,AMZN
258,258,2023-03-30 19:00:00,101.85,101.87,101.76,101.87,1990,AMZN
259,259,2023-03-30 18:45:00,101.89,101.89,101.78,101.8,11798,AMZN
260,260,2023-03-30 18:30:00,101.88,101.89,101.78,101.81,9125,AMZN
261,261,2023-03-30 18:15:00,101.91,101.92,101.85,101.9,7606,AMZN
262,262,2023-03-30 18:00:00,101.88,101.94,101.88,101.94,6230,AMZN
263,263,2023-03-30 17:45:00,101.87,101.9,101.86,101.87,6362,AMZN
264,264,2023-03-30 17:30:00,101.91,101.9195,101.8627,101.9176,5576,AMZN
265,265,2023-03-30 17:15:00,101.92,101.932,101.9,101.932,191593,AMZN
266,266,2023-03-30 17:00:00,102.02,102.02,101.89,101.895,8372,AMZN
267,267,2023-03-30 16:45:00,102.0359,102.05,101.95,102.05,1185892,AMZN
268,268,2023-03-30 16:30:00,101.96,102.04,101.9121,102.0104,113219,AMZN
269,269,2023-03-30 16:15:00,102.0,102.0494,101.85,101.96,1462640,AMZN
270,270,2023-03-30 16:00:00,101.965,102.065,101.86,101.99,2895630,AMZN
271,271,2023-03-30 15:45:00,101.955,102.08,101.92,101.97,1460622,AMZN
272,272,2023-03-30 15:30:00,101.9748,102.0,101.7901,101.95,1078627,AMZN
273,273,2023-03-30 15:15:00,101.795,101.98,101.69,101.98,926896,AMZN
274,274,2023-03-30 15:00:00,101.775,101.88,101.62,101.795,793582,AMZN
275,275,2023-03-30 14:45:00,101.6575,101.8599,101.64,101.775,1095632,AMZN
276,276,2023-03-30 14:30:00,101.495,101.71,101.41,101.655,892393,AMZN
277,277,2023-03-30 14:15:00,101.3009,101.57,101.23,101.485,1045103,AMZN
278,278,2023-03-30 14:00:00,101.185,101.351,101.01,101.29,1337868,AMZN
279,279,2023-03-30 13:45:00,101.63,101.695,101.0295,101.19,1801265,AMZN
280,280,2023-03-30 13:30:00,101.88,101.94,101.5599,101.63,1307945,AMZN
281,281,2023-03-30 13:15:00,101.91,102.0905,101.785,101.8703,1067993,AMZN
282,282,2023-03-30 13:00:00,101.7997,102.0,101.64,101.91,959118,AMZN
283,283,2023-03-30 12:45:00,102.0543,102.08,101.69,101.79,1322318,AMZN
284,284,2023-03-30 12:30:00,102.385,102.385,101.88,102.0499,1544064,AMZN
285,285,2023-03-30 12:15:00,102.43,102.69,102.36,102.3801,1162354,AMZN
286,286,2023-03-30 12:00:00,102.33,102.52,102.16,102.4382,1109373,AMZN
287,287,2023-03-30 11:45:00,102.31,102.37,102.01,102.335,1073193,AMZN
288,288,2023-03-30 11:30:00,102.285,102.56,102.1,102.315,1051148,AMZN
289,289,2023-03-30 11:15:00,102.2832,102.57,102.1,102.2899,1527017,AMZN
290,290,2023-03-30 11:00:00,102.425,102.47,102.0501,102.27,1894584,AMZN
291,291,2023-03-30 10:45:00,102.44,103.04,102.31,102.4262,3489620,AMZN
292,292,2023-03-30 10:30:00,101.66,102.57,101.65,102.45,3671891,AMZN
293,293,2023-03-30 10:15:00,102.065,102.2,101.4,101.65,2722508,AMZN
294,294,2023-03-30 10:00:00,101.37,102.07,101.34,102.068,3603019,AMZN
295,295,2023-03-30 09:45:00,101.55,101.8,101.01,101.38,5225860,AMZN
296,296,2023-03-30 09:30:00,101.25,101.55,101.2,101.54,138888,AMZN
297,297,2023-03-30 09:15:00,101.15,101.25,101.0,101.25,76341,AMZN
298,298,2023-03-30 09:00:00,101.24,101.3404,101.15,101.19,87013,AMZN
299,299,2023-03-30 08:45:00,101.02,101.3,100.94,101.25,118764,AMZN
300,300,2023-03-30 08:30:00,101.0,101.0681,100.97,101.05,89160,AMZN
301,301,2023-03-30 08:15:00,101.05,101.1,100.0,101.02,122242,AMZN
302,302,2023-03-30 08:00:00,101.0,101.05,100.93,101.05,8410,AMZN
303,303,2023-03-30 07:45:00,101.0,101.06,100.9,100.98,18423,AMZN
304,304,2023-03-30 07:30:00,100.95,101.0,100.86,101.0,17161,AMZN
305,305,2023-03-30 07:15:00,100.81,101.05,100.63,101.0,55694,AMZN
306,306,2023-03-30 07:00:00,100.82,100.87,100.8,100.85,8654,AMZN
307,307,2023-03-30 06:45:00,100.7,100.87,100.7,100.85,5386,AMZN
308,308,2023-03-30 06:30:00,100.75,100.81,100.75,100.8,4111,AMZN
309,309,2023-03-30 06:15:00,100.61,100.73,100.61,100.73,1958,AMZN
310,310,2023-03-30 06:00:00,100.58,100.69,100.58,100.6,4050,AMZN
311,311,2023-03-30 05:45:00,100.56,100.58,100.52,100.55,2270,AMZN
312,312,2023-03-30 05:30:00,100.59,100.65,100.59,100.65,3877,AMZN
313,313,2023-03-30 05:15:00,100.55,100.59,100.55,100.59,935,AMZN
314,314,2023-03-30 05:00:00,100.51,100.56,100.48,100.56,1871,AMZN
315,315,2023-03-30 04:45:00,100.45,100.49,100.45,100.45,796,AMZN
316,316,2023-03-30 04:30:00,100.56,100.57,100.47,100.47,1995,AMZN
317,317,2023-03-30 04:15:00,100.12,100.53,100.12,100.45,7138,AMZN
318,318,2023-03-29 20:00:00,100.08,100.08,100.01,100.02,14418,AMZN
319,319,2023-03-29 19:45:00,100.08,100.1,100.04,100.05,8120,AMZN
320,320,2023-03-29 19:30:00,100.0801,100.14,100.0801,100.12,1532,AMZN
321,321,2023-03-29 19:15:00,100.12,100.12,100.0701,100.08,1548,AMZN
322,322,2023-03-29 19:00:00,100.13,100.14,100.06,100.06,11119,AMZN
323,323,2023-03-29 18:45:00,100.14,100.14,100.06,100.12,15815,AMZN
324,324,2023-03-29 18:30:00,100.16,100.16,100.1,100.13,5825,AMZN
325,325,2023-03-29 18:15:00,100.19,100.19,100.05,100.19,10772,AMZN
326,326,2023-03-29 18:00:00,100.2,100.23,100.19,100.19,3174,AMZN
327,327,2023-03-29 17:45:00,100.21,100.23,100.2,100.2,8525,AMZN
328,328,2023-03-29 17:30:00,100.23,100.25,100.15,100.239,11618,AMZN
329,329,2023-03-29 17:15:00,100.21,100.25,100.21,100.21,27547,AMZN
330,330,2023-03-29 17:00:00,100.25,100.29,100.23,100.24,172636,AMZN
331,331,2023-03-29 16:45:00,100.28,100.3,100.2,100.23,16025,AMZN
332,332,2023-03-29 16:30:00,100.25,100.3175,100.22,100.25,61792,AMZN
333,333,2023-03-29 16:15:00,100.24,100.43,100.17,100.21,1154582,AMZN
334,334,2023-03-29 16:00:00,100.235,100.4218,100.1,100.24,3382607,AMZN
335,335,2023-03-29 15:45:00,100.24,100.31,100.12,100.24,1465508,AMZN
336,336,2023-03-29 15:30:00,100.125,100.35,100.08,100.2426,1702576,AMZN
337,337,2023-03-29 15:15:00,100.185,100.25,99.98,100.125,1589612,AMZN
338,338,2023-03-29 15:00:00,100.075,100.25,99.97,100.19,1674560,AMZN
339,339,2023-03-29 14:45:00,99.865,100.08,99.7974,100.078,1278578,AMZN
340,340,2023-03-29 14:30:00,99.7,99.87,99.52,99.865,757800,AMZN
341,341,2023-03-29 14:15:00,99.545,99.77,99.495,99.71,677425,AMZN
342,342,2023-03-29 14:00:00,99.595,99.79,99.37,99.54,883700,AMZN
343,343,2023-03-29 13:45:00,99.822,99.83,99.47,99.595,916237,AMZN
344,344,2023-03-29 13:30:00,99.7301,99.83,99.58,99.8199,870727,AMZN
345,345,2023-03-29 13:15:00,99.26,99.785,99.15,99.74,1139175,AMZN
346,346,2023-03-29 13:00:00,99.43,99.52,99.22,99.27,1044913,AMZN
347,347,2023-03-29 12:45:00,99.83,99.84,99.4,99.43,1024497,AMZN
348,348,2023-03-29 12:30:00,99.88,99.8989,99.68,99.8224,851298,AMZN
349,349,2023-03-29 12:15:00,99.775,99.89,99.57,99.8744,1281023,AMZN
350,350,2023-03-29 12:00:00,99.8455,100.0,99.71,99.78,1228315,AMZN
351,351,2023-03-29 11:45:00,99.7,99.94,99.655,99.83,1228739,AMZN
352,352,2023-03-29 11:30:00,99.15,99.73,99.12,99.695,1325606,AMZN
353,353,2023-03-29 11:15:00,99.11,99.3081,99.105,99.1498,1090950,AMZN
354,354,2023-03-29 11:00:00,99.22,99.238,98.96,99.1157,1108955,AMZN
355,355,2023-03-29 10:45:00,99.2976,99.32,99.015,99.23,1363766,AMZN
356,356,2023-03-29 10:30:00,99.67,99.87,99.16,99.3,3304367,AMZN
357,357,2023-03-29 10:15:00,99.57,100.09,99.57,99.67,2244917,AMZN
358,358,2023-03-29 10:00:00,99.69,100.1,99.43,99.5601,2693913,AMZN
359,359,2023-03-29 09:45:00,98.69,100.29,98.56,99.685,6431000,AMZN
360,360,2023-03-29 09:30:00,98.42,98.95,98.35,98.66,133708,AMZN
361,361,2023-03-29 09:15:00,98.21,98.45,98.15,98.42,47083,AMZN
362,362,2023-03-29 09:00:00,98.04,98.32,98.04,98.24,60153,AMZN
363,363,2023-03-29 08:45:00,98.09,98.09,98.0,98.05,39983,AMZN
364,364,2023-03-29 08:30:00,98.0901,98.15,98.07,98.1,32014,AMZN
365,365,2023-03-29 08:15:00,98.1398,98.22,96.997,98.11,72748,AMZN
366,366,2023-03-29 08:00:00,98.11,98.21,98.11,98.11,24329,AMZN
367,367,2023-03-29 07:45:00,98.16,98.16,98.02,98.05,23266,AMZN
368,368,2023-03-29 07:30:00,98.05,98.2,98.02,98.17,21272,AMZN
369,369,2023-03-29 07:15:00,97.92,98.15,97.92,98.05,42834,AMZN
370,370,2023-03-29 07:00:00,98.07,98.07,97.98,97.98,9087,AMZN
371,371,2023-03-29 06:45:00,98.06,98.06,97.89,97.89,4582,AMZN
372,372,2023-03-29 06:30:00,98.1,98.1,98.03,98.03,1069,AMZN
373,373,2023-03-29 06:15:00,98.07,98.12,98.05,98.05,1378,AMZN
374,374,2023-03-29 06:00:00,98.2,98.2,98.12,98.12,617,AMZN
375,375,2023-03-29 05:45:00,98.14,98.2,98.14,98.2,2094,AMZN
376,376,2023-03-29 05:30:00,98.1,98.18,98.05,98.17,3969,AMZN
377,377,2023-03-29 05:15:00,98.08,98.13,98.08,98.13,3352,AMZN
378,378,2023-03-29 05:00:00,98.09,98.09,98.03,98.08,5475,AMZN
379,379,2023-03-29 04:45:00,98.17,98.2,98.06,98.06,5500,AMZN
380,380,2023-03-29 04:30:00,97.9,98.18,97.9,98.03,6382,AMZN
381,381,2023-03-29 04:15:00,97.5,98.25,97.5,97.9,20784,AMZN
382,382,2023-03-28 20:00:00,97.32,97.38,97.32,97.37,10427,AMZN
383,383,2023-03-28 19:45:00,97.34,97.38,97.3001,97.32,4472,AMZN
384,384,2023-03-28 19:30:00,97.32,97.34,97.29,97.29,5492,AMZN
385,385,2023-03-28 19:15:00,97.33,97.34,97.3,97.3,3945,AMZN
386,386,2023-03-28 19:00:00,97.31,97.34,97.28,97.34,4534,AMZN
387,387,2023-03-28 18:45:00,97.32,97.35,97.3,97.3,7202,AMZN
388,388,2023-03-28 18:30:00,97.34,97.37,97.29,97.34,8805,AMZN
389,389,2023-03-28 18:15:00,97.3,97.3499,97.3,97.3499,5397,AMZN
390,390,2023-03-28 18:00:00,97.3,97.3077,97.28,97.3077,3395,AMZN
391,391,2023-03-28 17:45:00,97.3,97.3,97.28,97.3,5459,AMZN
392,392,2023-03-28 17:30:00,97.31,97.33,97.29,97.29,12256,AMZN
393,393,2023-03-28 17:15:00,97.3,97.33,97.3,97.33,54752,AMZN
394,394,2023-03-28 17:00:00,97.31,97.33,97.28,97.28,9858,AMZN
395,395,2023-03-28 16:45:00,97.33,97.33,97.24,97.3,15749,AMZN
396,396,2023-03-28 16:30:00,97.33,97.35,97.24,97.31,15318,AMZN
397,397,2023-03-28 16:15:00,97.24,97.39,97.2,97.32,1368288,AMZN
398,398,2023-03-28 16:00:00,97.05,97.43,97.0,97.26,2807057,AMZN
399,399,2023-03-28 15:45:00,96.86,97.0999,96.73,97.0599,1448649,AMZN
400,400,2023-03-28 15:30:00,96.84,96.955,96.785,96.86,1098887,AMZN
401,401,2023-03-28 15:15:00,96.86,96.98,96.775,96.835,1191844,AMZN
402,402,2023-03-28 15:00:00,96.74,96.9299,96.7,96.8528,964408,AMZN
403,403,2023-03-28 14:45:00,96.735,96.7899,96.57,96.74,872751,AMZN
404,404,2023-03-28 14:30:00,96.785,96.83,96.635,96.735,822275,AMZN
405,405,2023-03-28 14:15:00,96.35,96.7899,96.32,96.78,1468041,AMZN
406,406,2023-03-28 14:00:00,96.91,96.9632,96.29,96.3465,1768073,AMZN
407,407,2023-03-28 13:45:00,97.38,97.47,96.87,96.91,1326994,AMZN
408,408,2023-03-28 13:30:00,97.364,97.49,97.27,97.3799,514584,AMZN
409,409,2023-03-28 13:15:00,97.22,97.4799,97.195,97.37,713012,AMZN
410,410,2023-03-28 13:00:00,97.2501,97.26,97.13,97.215,573894,AMZN
411,411,2023-03-28 12:45:00,97.19,97.32,97.12,97.254,837946,AMZN
412,412,2023-03-28 12:30:00,97.375,97.41,97.11,97.2,818162,AMZN
413,413,2023-03-28 12:15:00,97.6067,97.7,97.29,97.38,719303,AMZN
414,414,2023-03-28 12:00:00,97.51,97.66,97.49,97.6,822060,AMZN
415,415,2023-03-28 11:45:00,97.64,97.76,97.5,97.505,960474,AMZN
416,416,2023-03-28 11:30:00,97.44,97.7904,97.4314,97.65,1066431,AMZN
417,417,2023-03-28 11:15:00,97.2301,97.5,97.17,97.4398,992118,AMZN
418,418,2023-03-28 11:00:00,97.3,97.4093,97.18,97.2321,1333644,AMZN
419,419,2023-03-28 10:45:00,97.85,97.8721,97.16,97.29,1502541,AMZN
420,420,2023-03-28 10:30:00,97.86,97.9069,97.615,97.83,1616456,AMZN
421,421,2023-03-28 10:15:00,97.875,98.0299,97.535,97.8577,1629033,AMZN
422,422,2023-03-28 10:00:00,97.9196,98.44,97.65,97.875,3180102,AMZN
423,423,2023-03-28 09:45:00,98.11,98.18,97.47,97.915,3074863,AMZN
424,424,2023-03-28 09:30:00,97.97,98.33,97.87,98.08,39763,AMZN
425,425,2023-03-28 09:15:00,98.03,98.12,97.92,97.9804,42894,AMZN
426,426,2023-03-28 09:00:00,98.0398,98.16,97.9612,98.05,31946,AMZN
427,427,2023-03-28 08:45:00,98.3,98.35,97.99,97.99,45693,AMZN
428,428,2023-03-28 08:30:00,98.15,98.22,98.03,98.22,41092,AMZN
429,429,2023-03-28 08:15:00,98.12,98.58,97.75,98.15,54924,AMZN
430,430,2023-03-28 08:00:00,98.25,98.32,98.16,98.18,14813,AMZN
431,431,2023-03-28 07:45:00,98.23,98.25,98.13,98.25,10875,AMZN
432,432,2023-03-28 07:30:00,97.84,98.24,97.84,98.23,36194,AMZN
433,433,2023-03-28 07:15:00,97.83,97.9,97.75,97.9,11618,AMZN
434,434,2023-03-28 07:00:00,97.6,97.65,97.56,97.65,941,AMZN
435,435,2023-03-28 06:45:00,97.72,97.72,97.5,97.5,7327,AMZN
436,436,2023-03-28 06:30:00,97.7,97.7,97.7,97.7,814,AMZN
437,437,2023-03-28 06:15:00,97.65,97.65,97.62,97.65,2872,AMZN
438,438,2023-03-28 06:00:00,97.64,97.64,97.61,97.61,10845,AMZN
439,439,2023-03-28 05:45:00,97.86,97.86,97.61,97.61,1206,AMZN
440,440,2023-03-28 05:30:00,97.88,97.88,97.81,97.81,497,AMZN
441,441,2023-03-28 05:15:00,97.77,97.9,97.77,97.89,2183,AMZN
442,442,2023-03-28 04:45:00,97.7,97.7,97.58,97.61,1460,AMZN
443,443,2023-03-28 04:30:00,97.54,97.81,97.46,97.76,5152,AMZN
444,444,2023-03-28 04:15:00,98.0,98.0,97.33,97.53,14366,AMZN
445,445,2023-03-27 20:00:00,98.33,98.33,98.15,98.15,10336,AMZN
446,446,2023-03-27 19:45:00,98.25,98.35,98.22,98.25,9624,AMZN
447,447,2023-03-27 19:30:00,98.32,98.32,98.2,98.24,2195,AMZN
448,448,2023-03-27 19:15:00,98.2,98.34,98.2,98.32,5262,AMZN
449,449,2023-03-27 19:00:00,98.13,98.2,98.12,98.2,4462,AMZN
450,450,2023-03-27 18:45:00,98.1,98.13,98.06,98.12,2976,AMZN
451,451,2023-03-27 18:30:00,98.13,98.13,98.06,98.06,4246,AMZN
452,452,2023-03-27 18:15:00,98.15,98.15,98.08,98.12,8148,AMZN
453,453,2023-03-27 18:00:00,98.14,98.1868,98.08,98.17,3695,AMZN
454,454,2023-03-27 17:45:00,98.12,98.17,98.1,98.17,15613,AMZN
455,455,2023-03-27 17:30:00,98.1,98.13,98.1,98.13,2031,AMZN
456,456,2023-03-27 17:15:00,98.07,98.13,98.07,98.12,9216,AMZN
457,457,2023-03-27 17:00:00,98.12,98.23,97.84,98.13,115304,AMZN
458,458,2023-03-27 16:45:00,98.15,98.17,98.09,98.14,12438,AMZN
459,459,2023-03-27 16:30:00,98.2,98.2,98.04,98.13,63160,AMZN
460,460,2023-03-27 16:15:00,98.04,98.27,97.91,98.2,1838532,AMZN
461,461,2023-03-27 16:00:00,98.34,98.5,97.88,98.07,3110139,AMZN
462,462,2023-03-27 15:45:00,98.4899,98.53,98.15,98.345,1258107,AMZN
463,463,2023-03-27 15:30:00,98.41,98.57,98.26,98.49,1482545,AMZN
464,464,2023-03-27 15:15:00,98.58,98.775,98.365,98.4099,1092269,AMZN
465,465,2023-03-27 15:00:00,98.53,98.6999,98.49,98.575,1214854,AMZN
466,466,2023-03-27 14:45:00,98.235,98.59,98.23,98.51,1356038,AMZN
467,467,2023-03-27 14:30:00,98.12,98.39,98.042,98.2301,1662598,AMZN
468,468,2023-03-27 14:15:00,97.87,98.14,97.634,98.116,1327972,AMZN
469,469,2023-03-27 14:00:00,97.9119,98.08,97.76,97.87,1221436,AMZN
470,470,2023-03-27 13:45:00,97.37,97.96,97.33,97.92,1333339,AMZN
471,471,2023-03-27 13:30:00,97.2222,97.462,97.09,97.36,824764,AMZN
472,472,2023-03-27 13:15:00,97.33,97.44,97.1099,97.23,851787,AMZN
473,473,2023-03-27 13:00:00,97.25,97.525,97.23,97.33,788593,AMZN
474,474,2023-03-27 12:45:00,97.66,97.7,97.11,97.2488,1068608,AMZN
475,475,2023-03-27 12:30:00,97.415,97.67,97.32,97.66,1047289,AMZN
476,476,2023-03-27 12:15:00,97.13,97.48,97.08,97.4126,1252679,AMZN
477,477,2023-03-27 12:00:00,97.4101,97.62,97.1,97.13,1319562,AMZN
478,478,2023-03-27 11:45:00,97.875,97.95,97.31,97.424,1765657,AMZN
479,479,2023-03-27 11:30:00,98.13,98.18,97.78,97.88,1568013,AMZN
480,480,2023-03-27 11:15:00,98.395,98.447,97.88,98.13,1488084,AMZN
481,481,2023-03-27 11:00:00,98.51,98.71,98.37,98.4,1566330,AMZN
482,482,2023-03-27 10:45:00,98.775,98.785,98.42,98.5122,1586656,AMZN
483,483,2023-03-27 10:30:00,99.0,99.24,98.75,98.785,1520542,AMZN
484,484,2023-03-27 10:15:00,98.86,99.34,98.845,98.9901,2028666,AMZN
485,485,2023-03-27 10:00:00,98.85,99.27,98.545,98.85,2551771,AMZN
486,486,2023-03-27 09:45:00,99.07,99.16,98.33,98.848,4174965,AMZN
487,487,2023-03-27 09:30:00,99.0,99.23,98.78,98.92,121829,AMZN
488,488,2023-03-27 09:15:00,98.88,99.06,98.88,98.97,69598,AMZN
489,489,2023-03-27 09:00:00,98.9,98.9484,98.75,98.86,60899,AMZN
490,490,2023-03-27 08:45:00,98.82,99.08,98.8,98.91,57205,AMZN
491,491,2023-03-27 08:30:00,98.94,99.03,98.8,98.88,65436,AMZN
492,492,2023-03-27 08:15:00,98.65,99.0999,97.885,98.99,111078,AMZN
493,493,2023-03-27 08:00:00,98.83,99.0,98.8,99.0,26012,AMZN
494,494,2023-03-27 07:45:00,98.97,98.97,98.69,98.75,40405,AMZN
495,495,2023-03-27 07:30:00,98.98,99.05,98.94,99.0,26922,AMZN
496,496,2023-03-27 07:15:00,98.42,98.98,98.41,98.98,58184,AMZN
497,497,2023-03-27 07:00:00,98.27,98.41,98.27,98.36,4082,AMZN
498,498,2023-03-27 06:45:00,98.3,98.3,98.3,98.3,1153,AMZN
499,499,2023-03-27 06:30:00,98.38,98.38,98.35,98.35,1830,AMZN
500,500,2023-03-27 06:15:00,98.33,98.33,98.31,98.31,964,AMZN
501,501,2023-03-27 06:00:00,98.38,98.39,98.1,98.14,2860,AMZN
502,502,2023-03-27 05:45:00,98.2,98.22,98.12,98.19,1317,AMZN
503,503,2023-03-27 05:30:00,98.16,98.17,98.11,98.11,1094,AMZN
504,504,2023-03-27 05:15:00,98.11,98.15,98.06,98.06,2913,AMZN
505,505,2023-03-27 05:00:00,98.05,98.15,98.05,98.15,1225,AMZN
506,506,2023-03-27 04:45:00,98.1,98.13,98.1,98.13,591,AMZN
507,507,2023-03-27 04:30:00,98.1,98.1,97.99,97.99,1282,AMZN
508,508,2023-03-27 04:15:00,98.1,98.11,97.81,98.11,8250,AMZN
509,509,2023-03-24 20:00:00,98.32,98.5,98.31,98.4,12979,AMZN
510,510,2023-03-24 19:45:00,98.3,98.35,98.3,98.31,6283,AMZN
511,511,2023-03-24 19:30:00,98.31,98.31,98.3,98.31,1029,AMZN
512,512,2023-03-24 19:15:00,98.31,98.35,98.3,98.31,6051,AMZN
513,513,2023-03-24 19:00:00,98.3,98.38,98.3,98.34,2478,AMZN
514,514,2023-03-24 18:45:00,98.31,98.38,98.31,98.32,5371,AMZN
515,515,2023-03-24 18:30:00,98.23,98.36,98.23,98.34,8301,AMZN
516,516,2023-03-24 18:15:00,98.25,98.25,98.22,98.24,3915,AMZN
517,517,2023-03-24 18:00:00,98.26,98.27,98.25,98.25,3769,AMZN
518,518,2023-03-24 17:45:00,98.2002,98.27,98.2,98.2141,5384,AMZN
519,519,2023-03-24 17:30:00,98.25,98.28,98.2,98.27,11336,AMZN
520,520,2023-03-24 17:15:00,98.26,98.33,98.25,98.25,13650,AMZN
521,521,2023-03-24 17:00:00,98.31,98.39,98.25,98.28,240970,AMZN
522,522,2023-03-24 16:45:00,98.24,98.33,98.13,98.31,32654,AMZN
523,523,2023-03-24 16:30:00,98.07,98.25,98.0445,98.25,49214,AMZN
524,524,2023-03-24 16:15:00,98.13,98.2,98.02,98.07,697398,AMZN
525,525,2023-03-24 16:00:00,98.07,98.19,97.74,98.16,3165267,AMZN
526,526,2023-03-24 15:45:00,98.155,98.3,98.03,98.08,1632972,AMZN
527,527,2023-03-24 15:30:00,97.81,98.25,97.79,98.15,1407562,AMZN
528,528,2023-03-24 15:15:00,97.91,97.98,97.68,97.82,1051564,AMZN
529,529,2023-03-24 15:00:00,98.06,98.16,97.72,97.9,1158254,AMZN
530,530,2023-03-24 14:45:00,97.87,98.14,97.8201,98.05,1486944,AMZN
531,531,2023-03-24 14:30:00,97.69,97.89,97.685,97.8674,1029760,AMZN
532,532,2023-03-24 14:15:00,97.54,97.75,97.5,97.7,850104,AMZN
533,533,2023-03-24 14:00:00,97.675,97.7,97.35,97.54,821219,AMZN
534,534,2023-03-24 13:45:00,97.43,97.87,97.43,97.67,1641589,AMZN
535,535,2023-03-24 13:30:00,97.3201,97.6399,97.12,97.43,1126303,AMZN
536,536,2023-03-24 13:15:00,97.23,97.41,97.1,97.32,872810,AMZN
537,537,2023-03-24 13:00:00,97.49,97.625,97.2,97.2234,959194,AMZN
538,538,2023-03-24 12:45:00,97.115,97.5438,97.01,97.49,1981341,AMZN
539,539,2023-03-24 12:30:00,97.19,97.2755,96.97,97.12,2867868,AMZN
540,540,2023-03-24 12:15:00,97.72,97.9,97.06,97.2025,1240537,AMZN
541,541,2023-03-24 12:00:00,97.17,97.85,97.16,97.71,1798353,AMZN
542,542,2023-03-24 11:45:00,97.1399,97.4,97.005,97.18,1365032,AMZN
543,543,2023-03-24 11:30:00,96.87,97.2,96.8,97.14,1150838,AMZN
544,544,2023-03-24 11:15:00,97.3701,97.48,96.655,96.87,2154293,AMZN
545,545,2023-03-24 11:00:00,97.12,97.44,96.89,97.37,1795057,AMZN
546,546,2023-03-24 10:45:00,97.6,97.66,97.1,97.11,1558198,AMZN
547,547,2023-03-24 10:30:00,97.4,97.65,96.97,97.59,1960628,AMZN
548,548,2023-03-24 10:15:00,97.12,97.7,96.93,97.41,4575406,AMZN
549,549,2023-03-24 10:00:00,97.01,97.55,96.4,97.12,3353351,AMZN
550,550,2023-03-24 09:45:00,98.065,98.13,96.7,97.03,4923649,AMZN
551,551,2023-03-24 09:30:00,98.56,98.59,97.92,98.07,154080,AMZN
552,552,2023-03-24 09:15:00,98.56,98.59,98.3218,98.59,52070,AMZN
553,553,2023-03-24 09:00:00,98.32,98.65,98.22,98.53,77329,AMZN
554,554,2023-03-24 08:45:00,98.32,98.44,98.15,98.31,43259,AMZN
555,555,2023-03-24 08:30:00,98.3,98.3992,98.16,98.33,35817,AMZN
556,556,2023-03-24 08:15:00,98.35,99.2985,98.16,98.33,69603,AMZN
557,557,2023-03-24 08:00:00,98.59,98.59,98.2,98.24,26544,AMZN
558,558,2023-03-24 07:45:00,98.41,98.64,98.4,98.5,35835,AMZN
559,559,2023-03-24 07:30:00,98.21,98.44,98.19,98.4,15184,AMZN
560,560,2023-03-24 07:15:00,98.6,98.67,98.13,98.25,32336,AMZN
561,561,2023-03-24 07:00:00,98.63,98.69,98.42,98.42,8176,AMZN
562,562,2023-03-24 06:45:00,98.61,98.61,98.29,98.6,27695,AMZN
563,563,2023-03-24 06:30:00,98.47,98.95,98.4,98.71,8466,AMZN
564,564,2023-03-24 06:15:00,98.52,98.62,98.33,98.46,9818,AMZN
565,565,2023-03-24 06:00:00,98.67,98.67,98.53,98.56,8017,AMZN
566,566,2023-03-24 05:45:00,99.02,99.1,98.72,98.72,9920,AMZN
567,567,2023-03-24 05:30:00,99.21,99.21,99.14,99.14,1018,AMZN
568,568,2023-03-24 05:15:00,99.0,99.3,98.98,99.3,21390,AMZN
569,569,2023-03-24 05:00:00,98.84,99.1,98.73,99.1,5775,AMZN
570,570,2023-03-24 04:45:00,99.16,99.2,98.88,98.88,7313,AMZN
571,571,2023-03-24 04:30:00,99.11,99.2,98.96,99.2,10779,AMZN
572,572,2023-03-24 04:15:00,99.0,99.47,98.84,99.05,10019,AMZN
573,573,2023-03-23 20:00:00,98.82,98.9,98.75,98.84,19617,AMZN
574,574,2023-03-23 19:45:00,98.78,98.82,98.74,98.74,3031,AMZN
575,575,2023-03-23 19:30:00,98.6999,98.82,98.6,98.77,8884,AMZN
576,576,2023-03-23 19:15:00,98.77,98.82,98.63,98.7,10257,AMZN
577,577,2023-03-23 19:00:00,98.61,98.78,98.61,98.77,5676,AMZN
578,578,2023-03-23 18:45:00,98.79,98.79,98.64,98.66,11390,AMZN
579,579,2023-03-23 18:30:00,98.87,98.87,98.7,98.73,13261,AMZN
580,580,2023-03-23 18:15:00,98.95,98.95,98.87,98.87,5669,AMZN
581,581,2023-03-23 18:00:00,98.89,98.95,98.8802,98.93,7110,AMZN
582,582,2023-03-23 17:45:00,98.9277,98.93,98.83,98.9,7680,AMZN
583,583,2023-03-23 17:30:00,98.87,98.95,98.71,98.82,14356,AMZN
584,584,2023-03-23 17:15:00,98.89,99.0,98.87,98.87,19006,AMZN
585,585,2023-03-23 17:00:00,98.95,98.97,98.86,98.91,47529,AMZN
586,586,2023-03-23 16:45:00,98.65,99.05,98.65,98.9,66892,AMZN
587,587,2023-03-23 16:30:00,98.64,98.71,98.44,98.65,75885,AMZN
588,588,2023-03-23 16:15:00,98.71,98.73,98.35,98.67,1479941,AMZN
589,589,2023-03-23 16:00:00,98.48,99.36,98.46,98.64,5111637,AMZN
590,590,2023-03-23 15:45:00,98.15,98.57,97.93,98.485,1750769,AMZN
591,591,2023-03-23 15:30:00,98.39,98.5299,97.62,98.15,2143599,AMZN
592,592,2023-03-23 15:15:00,98.35,99.05,98.25,98.4,2405142,AMZN
593,593,2023-03-23 15:00:00,97.77,98.37,97.66,98.34,2111376,AMZN
594,594,2023-03-23 14:45:00,98.5769,98.75,97.6801,97.76,2081151,AMZN
595,595,2023-03-23 14:30:00,99.2168,99.24,98.56,98.5742,1455383,AMZN
596,596,2023-03-23 14:15:00,99.365,99.54,98.98,99.21,1497416,AMZN
597,597,2023-03-23 14:00:00,99.928,99.9526,99.31,99.3642,1433883,AMZN
598,598,2023-03-23 13:45:00,99.79,100.0,99.71,99.94,956341,AMZN
599,599,2023-03-23 13:30:00,99.93,100.05,99.58,99.7823,1762638,AMZN
600,600,2023-03-23 13:15:00,100.19,100.41,99.816,99.9399,1031013,AMZN
601,601,2023-03-23 13:00:00,100.33,100.34,100.0,100.185,1052692,AMZN
602,602,2023-03-23 12:45:00,100.3,100.535,100.14,100.3297,1951490,AMZN
603,603,2023-03-23 12:30:00,100.29,100.31,99.92,100.31,1630235,AMZN
604,604,2023-03-23 12:15:00,100.4402,100.69,100.26,100.28,994768,AMZN
605,605,2023-03-23 12:00:00,100.3497,100.75,100.235,100.4499,1183951,AMZN
606,606,2023-03-23 11:45:00,100.3,100.64,100.28,100.34,1257656,AMZN
607,607,2023-03-23 11:30:00,100.71,100.87,100.25,100.295,1470179,AMZN
608,608,2023-03-23 11:15:00,100.83,101.06,99.97,100.7227,1988522,AMZN
609,609,2023-03-23 11:00:00,100.41,101.02,100.3601,100.827,2227297,AMZN
610,610,2023-03-23 10:45:00,100.37,100.58,100.22,100.4,1531332,AMZN
611,611,2023-03-23 10:30:00,100.52,100.78,100.0,100.38,2305874,AMZN
612,612,2023-03-23 10:15:00,99.92,100.6196,99.7,100.5162,2698082,AMZN
613,613,2023-03-23 10:00:00,99.8591,100.0399,99.29,99.93,3146196,AMZN
614,614,2023-03-23 09:45:00,100.43,100.74,99.68,99.8699,3526116,AMZN
615,615,2023-03-23 09:30:00,100.0,100.44,99.85,100.44,73353,AMZN
616,616,2023-03-23 09:15:00,99.85,100.0,99.62,100.0,81199,AMZN
617,617,2023-03-23 09:00:00,99.96,100.13,99.77,99.85,61778,AMZN
618,618,2023-03-23 08:45:00,99.96,100.0,99.7222,99.94,60908,AMZN
619,619,2023-03-23 08:30:00,100.01,100.05,99.95,99.96,59596,AMZN
620,620,2023-03-23 08:15:00,100.3,100.63,98.454,100.03,102687,AMZN
621,621,2023-03-23 08:00:00,100.24,100.44,100.17,100.17,36975,AMZN
622,622,2023-03-23 07:45:00,100.35,100.35,100.24,100.25,14446,AMZN
623,623,2023-03-23 07:30:00,100.6,100.63,100.22,100.36,22399,AMZN
624,624,2023-03-23 07:15:00,99.81,100.6,99.7,100.6,78831,AMZN
625,625,2023-03-23 07:00:00,99.7,99.87,99.7,99.87,1427,AMZN
626,626,2023-03-23 06:45:00,99.77,99.77,99.63,99.75,3535,AMZN
627,627,2023-03-23 06:30:00,100.14,100.2,99.74,99.75,16372,AMZN
628,628,2023-03-23 06:15:00,99.97,100.1,99.96,100.08,6953,AMZN
629,629,2023-03-23 06:00:00,99.9,100.09,99.9,100.07,7555,AMZN
630,630,2023-03-23 05:45:00,99.93,99.93,99.8,99.85,3473,AMZN
631,631,2023-03-23 05:30:00,100.11,100.11,99.93,99.93,4214,AMZN
632,632,2023-03-23 05:15:00,99.96,100.29,99.95,100.15,9558,AMZN
633,633,2023-03-23 05:00:00,99.97,100.05,99.95,100.01,9666,AMZN
634,634,2023-03-23 04:45:00,99.84,99.97,99.8,99.96,4771,AMZN
635,635,2023-03-23 04:30:00,99.88,99.99,99.85,99.85,6070,AMZN
636,636,2023-03-23 04:15:00,99.55,99.99,98.75,99.9,15610,AMZN
637,637,2023-03-22 20:00:00,98.87,98.91,98.8,98.8,17351,AMZN
638,638,2023-03-22 19:45:00,98.99,98.99,98.82,98.82,18265,AMZN
639,639,2023-03-22 19:30:00,98.94,99.05,98.91,99.05,6392,AMZN
640,640,2023-03-22 19:15:00,98.91,99.06,98.86,98.89,10549,AMZN
641,641,2023-03-22 19:00:00,98.96,99.05,98.86,98.95,7071,AMZN
642,642,2023-03-22 18:45:00,98.89,99.06,98.89,99.01,12450,AMZN
643,643,2023-03-22 18:30:00,98.91,99.0,98.84,98.9,14057,AMZN
644,644,2023-03-22 18:15:00,98.84,99.0,98.84,98.9,14058,AMZN
645,645,2023-03-22 18:00:00,98.86,98.88,98.85,98.88,11374,AMZN
646,646,2023-03-22 17:45:00,98.84,98.93,98.84,98.87,9066,AMZN
647,647,2023-03-22 17:30:00,98.78,98.93,98.78,98.93,12686,AMZN
648,648,2023-03-22 17:15:00,98.79,98.82,98.7,98.78,22396,AMZN
649,649,2023-03-22 17:00:00,98.75,98.91,98.75,98.8,168408,AMZN
650,650,2023-03-22 16:45:00,98.72,98.93,98.66,98.75,49456,AMZN
651,651,2023-03-22 16:30:00,98.71,98.87,98.6,98.72,54340,AMZN
652,652,2023-03-22 16:15:00,98.69,98.9234,98.48,98.7,1559879,AMZN
653,653,2023-03-22 16:00:00,100.07,100.11,98.61,98.69,5602715,AMZN
654,654,2023-03-22 15:45:00,101.07,101.1508,100.0402,100.0501,2181598,AMZN
655,655,2023-03-22 15:30:00,100.5103,101.425,100.5001,101.06,2664045,AMZN
656,656,2023-03-22 15:15:00,100.34,100.68,99.7649,100.51,3626081,AMZN
657,657,2023-03-22 15:00:00,101.49,102.1,100.33,100.34,3104651,AMZN
658,658,2023-03-22 14:45:00,101.22,101.6436,100.08,101.48,3741767,AMZN
659,659,2023-03-22 14:30:00,100.7501,101.33,100.69,101.2125,2547624,AMZN
660,660,2023-03-22 14:15:00,100.6899,101.93,100.59,100.7535,4347991,AMZN
661,661,2023-03-22 14:00:00,100.575,100.87,100.48,100.67,1616374,AMZN
662,662,2023-03-22 13:45:00,100.1952,100.5899,100.14,100.58,1070742,AMZN
663,663,2023-03-22 13:30:00,100.0317,100.2166,99.98,100.1936,898212,AMZN
664,664,2023-03-22 13:15:00,100.036,100.05,99.8958,100.03,1090201,AMZN
665,665,2023-03-22 13:00:00,99.97,100.07,99.865,100.0308,675264,AMZN
666,666,2023-03-22 12:45:00,99.9401,100.04,99.8322,99.97,585578,AMZN
667,667,2023-03-22 12:30:00,99.925,100.0601,99.78,99.947,966467,AMZN
668,668,2023-03-22 12:15:00,100.29,100.375,99.87,99.92,1056418,AMZN
669,669,2023-03-22 12:00:00,100.486,100.5004,100.24,100.28,922827,AMZN
670,670,2023-03-22 11:45:00,100.4599,100.74,100.38,100.485,1661756,AMZN
671,671,2023-03-22 11:30:00,100.0573,100.49,100.03,100.455,1194892,AMZN
672,672,2023-03-22 11:15:00,100.065,100.3,99.87,100.055,1353354,AMZN
673,673,2023-03-22 11:00:00,100.29,100.295,100.0,100.07,918989,AMZN
674,674,2023-03-22 10:45:00,100.385,100.3999,100.09,100.304,1181608,AMZN
675,675,2023-03-22 10:30:00,99.75,100.425,99.42,100.39,2061661,AMZN
676,676,2023-03-22 10:15:00,99.69,99.995,99.6662,99.7545,1515230,AMZN
677,677,2023-03-22 10:00:00,99.63,100.08,99.49,99.69,1946140,AMZN
678,678,2023-03-22 09:45:00,100.45,100.5599,99.34,99.635,3384871,AMZN
679,679,2023-03-22 09:30:00,100.28,100.49,100.28,100.45,63725,AMZN
680,680,2023-03-22 09:15:00,100.19,100.28,100.14,100.26,35108,AMZN
681,681,2023-03-22 09:00:00,100.152,100.21,100.13,100.16,18380,AMZN
682,682,2023-03-22 08:45:00,100.07,100.28,100.02,100.19,26921,AMZN
683,683,2023-03-22 08:30:00,100.07,100.16,100.05,100.05,27681,AMZN
684,684,2023-03-22 08:15:00,100.3,100.84,100.05,100.08,70204,AMZN
685,685,2023-03-22 08:00:00,100.16,100.21,100.07,100.18,16568,AMZN
686,686,2023-03-22 07:45:00,100.23,100.29,100.19,100.2,15532,AMZN
687,687,2023-03-22 07:30:00,100.34,100.34,100.23,100.25,12665,AMZN
688,688,2023-03-22 07:15:00,100.24,100.39,100.18,100.35,23490,AMZN
689,689,2023-03-22 07:00:00,100.07,100.29,100.07,100.13,5698,AMZN
690,690,2023-03-22 06:45:00,100.06,100.18,100.05,100.18,2371,AMZN
691,691,2023-03-22 06:30:00,100.1,100.15,100.02,100.06,4478,AMZN
692,692,2023-03-22 06:15:00,99.99,100.03,99.85,100.03,7154,AMZN
693,693,2023-03-22 06:00:00,99.92,99.92,99.9,99.9,2677,AMZN
694,694,2023-03-22 05:45:00,99.9,100.12,99.9,100.04,4753,AMZN
695,695,2023-03-22 05:30:00,99.9,99.96,99.9,99.96,3599,AMZN
696,696,2023-03-22 05:15:00,99.82,99.95,99.71,99.8,5804,AMZN
697,697,2023-03-22 05:00:00,99.82,99.9,99.78,99.81,3415,AMZN
698,698,2023-03-22 04:45:00,99.77,99.77,99.67,99.7,10480,AMZN
699,699,2023-03-22 04:30:00,99.91,99.97,99.72,99.72,10750,AMZN
700,700,2023-03-22 04:15:00,100.14,100.2,99.9,99.92,7493,AMZN
701,701,2023-03-21 20:00:00,100.46,100.51,100.46,100.4801,11250,AMZN
702,702,2023-03-21 19:45:00,100.49,100.5,100.46,100.48,9165,AMZN
703,703,2023-03-21 19:30:00,100.48,100.5,100.44,100.46,15091,AMZN
704,704,2023-03-21 19:15:00,100.48,100.48,100.42,100.44,7469,AMZN
705,705,2023-03-21 19:00:00,100.47,100.48,100.42,100.48,10080,AMZN
706,706,2023-03-21 18:45:00,100.46,100.5,100.44,100.48,13982,AMZN
707,707,2023-03-21 18:30:00,100.45,100.48,100.44,100.44,6706,AMZN
708,708,2023-03-21 18:15:00,100.46,100.5,100.44,100.47,14306,AMZN
709,709,2023-03-21 18:00:00,100.46,100.46,100.44,100.45,12262,AMZN
710,710,2023-03-21 17:45:00,100.45,100.47,100.44,100.44,9531,AMZN
711,711,2023-03-21 17:30:00,100.51,100.5132,100.45,100.45,16915,AMZN
712,712,2023-03-21 17:15:00,100.52,100.54,100.51,100.53,7396,AMZN
713,713,2023-03-21 17:00:00,100.61,100.65,100.51,100.51,497982,AMZN
714,714,2023-03-21 16:45:00,100.6212,100.65,100.55,100.61,27378,AMZN
715,715,2023-03-21 16:30:00,100.47,100.69,100.47,100.65,356975,AMZN
716,716,2023-03-21 16:15:00,100.62,100.65,100.41,100.5,1256097,AMZN
717,717,2023-03-21 16:00:00,100.78,100.845,100.405,100.61,4346575,AMZN
718,718,2023-03-21 15:45:00,100.45,100.8,100.41,100.7821,2536170,AMZN
719,719,2023-03-21 15:30:00,100.35,100.555,100.28,100.455,1595454,AMZN
720,720,2023-03-21 15:15:00,100.265,100.55,100.22,100.345,2403290,AMZN
721,721,2023-03-21 15:00:00,100.3,100.3331,100.07,100.26,1283921,AMZN
722,722,2023-03-21 14:45:00,100.2999,100.3748,100.14,100.3,1210756,AMZN
723,723,2023-03-21 14:30:00,100.1673,100.42,99.85,100.29,1653487,AMZN
724,724,2023-03-21 14:15:00,99.8,100.165,99.7808,100.16,1327387,AMZN
725,725,2023-03-21 14:00:00,99.91,100.055,99.77,99.795,1391334,AMZN
726,726,2023-03-21 13:45:00,99.72,100.05,99.7,99.9,2112765,AMZN
727,727,2023-03-21 13:30:00,99.51,99.72,99.415,99.72,1075994,AMZN
728,728,2023-03-21 13:15:00,99.49,99.565,99.26,99.495,1361788,AMZN
729,729,2023-03-21 13:00:00,99.48,99.65,99.34,99.4809,1549564,AMZN
730,730,2023-03-21 12:45:00,99.588,99.8,99.46,99.4808,1261607,AMZN
731,731,2023-03-21 12:30:00,99.39,99.7,99.34,99.58,1528033,AMZN
732,732,2023-03-21 12:15:00,99.26,99.48,99.13,99.39,1308725,AMZN
733,733,2023-03-21 12:00:00,99.01,99.46,98.93,99.27,2058241,AMZN
734,734,2023-03-21 11:45:00,98.915,99.19,98.735,99.005,1754473,AMZN
735,735,2023-03-21 11:30:00,98.92,99.02,98.76,98.93,1489834,AMZN
736,736,2023-03-21 11:15:00,98.58,98.955,98.5,98.92,1283899,AMZN
737,737,2023-03-21 11:00:00,98.65,98.8773,98.27,98.57,1441585,AMZN
738,738,2023-03-21 10:45:00,98.49,98.89,98.43,98.66,1643955,AMZN
739,739,2023-03-21 10:30:00,98.752,99.06,98.36,98.482,2263062,AMZN
740,740,2023-03-21 10:15:00,98.99,99.27,98.44,98.755,2696890,AMZN
741,741,2023-03-21 10:00:00,98.385,99.19,98.0,99.0,3620533,AMZN
742,742,2023-03-21 09:45:00,98.14,98.83,98.07,98.3885,4232287,AMZN
743,743,2023-03-21 09:30:00,98.42,98.45,98.06,98.12,81683,AMZN
744,744,2023-03-21 09:15:00,98.04,98.42,98.04,98.4,61364,AMZN
745,745,2023-03-21 09:00:00,97.88,98.28,97.88,98.05,66341,AMZN
746,746,2023-03-21 08:45:00,98.3,98.35,97.7716,97.8499,70997,AMZN
747,747,2023-03-21 08:30:00,98.32,98.44,98.26,98.35,56349,AMZN
748,748,2023-03-21 08:15:00,98.5001,98.72,97.35,98.33,159424,AMZN
749,749,2023-03-21 08:00:00,98.7,98.7,98.53,98.58,36632,AMZN
750,750,2023-03-21 07:45:00,98.51,98.75,98.5,98.7,38708,AMZN
751,751,2023-03-21 07:30:00,98.48,98.57,98.4,98.57,19460,AMZN
752,752,2023-03-21 07:15:00,98.27,98.62,98.25,98.5,65843,AMZN
753,753,2023-03-21 07:00:00,98.27,98.35,98.2,98.24,17650,AMZN
754,754,2023-03-21 06:45:00,98.15,98.35,98.12,98.34,11096,AMZN
755,755,2023-03-21 06:30:00,98.04,98.3,98.01,98.2,13991,AMZN
756,756,2023-03-21 06:15:00,97.89,98.0,97.85,98.0,13794,AMZN
757,757,2023-03-21 06:00:00,97.72,97.76,97.62,97.76,17643,AMZN
758,758,2023-03-21 05:45:00,97.69,97.71,97.58,97.7,3375,AMZN
759,759,2023-03-21 05:30:00,97.61,97.79,97.61,97.67,3571,AMZN
760,760,2023-03-21 05:15:00,97.8,97.8,97.61,97.61,3862,AMZN
761,761,2023-03-21 05:00:00,97.82,97.83,97.76,97.8,3071,AMZN
762,762,2023-03-21 04:45:00,97.88,97.91,97.8,97.8,3556,AMZN
763,763,2023-03-21 04:30:00,97.8,97.95,97.8,97.95,6121,AMZN
764,764,2023-03-21 04:15:00,97.8,97.89,97.57,97.89,6994,AMZN
765,765,2023-03-20 20:00:00,97.42,97.5,97.38,97.45,14534,AMZN
766,766,2023-03-20 19:45:00,97.41,97.49,97.35,97.42,8277,AMZN
767,767,2023-03-20 19:30:00,97.43,97.44,97.41,97.41,3191,AMZN
768,768,2023-03-20 19:15:00,97.43,97.49,97.42,97.42,4177,AMZN
769,769,2023-03-20 19:00:00,97.5,97.54,97.43,97.44,7865,AMZN
770,770,2023-03-20 18:45:00,97.49,97.58,97.49,97.52,11237,AMZN
771,771,2023-03-20 18:30:00,97.51,97.71,97.43,97.49,21795,AMZN
772,772,2023-03-20 18:15:00,97.57,97.57,97.4,97.42,11539,AMZN
773,773,2023-03-20 18:00:00,97.55,97.57,97.51,97.54,4003,AMZN
774,774,2023-03-20 17:45:00,97.5021,97.57,97.5,97.54,5673,AMZN
775,775,2023-03-20 17:30:00,97.58,97.59,97.5,97.5,8129,AMZN
776,776,2023-03-20 17:15:00,97.59,97.6,97.56,97.56,9404,AMZN
777,777,2023-03-20 17:00:00,97.59,97.71,97.4679,97.59,1298525,AMZN
778,778,2023-03-20 16:45:00,97.52,97.59,97.52,97.5899,9255,AMZN
779,779,2023-03-20 16:30:00,97.55,97.57,97.53,97.54,23842,AMZN
780,780,2023-03-20 16:15:00,97.71,97.71,97.43,97.53,1944355,AMZN
781,781,2023-03-20 16:00:00,97.27,97.75,97.23,97.705,3938507,AMZN
782,782,2023-03-20 15:45:00,97.14,97.3756,97.11,97.28,1439330,AMZN
783,783,2023-03-20 15:30:00,97.06,97.21,96.965,97.15,943034,AMZN
784,784,2023-03-20 15:15:00,97.08,97.195,96.9332,97.0627,886485,AMZN
785,785,2023-03-20 15:00:00,97.0043,97.39,96.99,97.075,1184671,AMZN
786,786,2023-03-20 14:45:00,97.04,97.09,96.82,97.01,1100106,AMZN
787,787,2023-03-20 14:30:00,96.7,97.2,96.65,97.035,1411433,AMZN
788,788,2023-03-20 14:15:00,96.73,96.82,96.54,96.7,829725,AMZN
789,789,2023-03-20 14:00:00,96.86,96.87,96.57,96.72,843490,AMZN
790,790,2023-03-20 13:45:00,96.64,96.88,96.445,96.85,895155,AMZN
791,791,2023-03-20 13:30:00,96.85,96.96,96.63,96.6447,1400657,AMZN
792,792,2023-03-20 13:15:00,96.65,97.04,96.62,96.845,1056843,AMZN
793,793,2023-03-20 13:00:00,96.24,96.75,96.21,96.65,1191055,AMZN
794,794,2023-03-20 12:45:00,96.53,96.63,96.22,96.26,1198205,AMZN
795,795,2023-03-20 12:30:00,96.61,96.7101,96.26,96.54,1117745,AMZN
796,796,2023-03-20 12:15:00,96.78,97.09,96.415,96.61,1669639,AMZN
797,797,2023-03-20 12:00:00,97.46,97.47,96.73,96.78,1739261,AMZN
798,798,2023-03-20 11:45:00,97.6791,97.71,97.37,97.45,1287298,AMZN
799,799,2023-03-20 11:30:00,97.585,97.7,97.21,97.675,1635329,AMZN
800,800,2023-03-20 11:15:00,97.52,97.87,97.2,97.585,2737994,AMZN
801,801,2023-03-20 11:00:00,96.74,97.57,96.51,97.53,3668832,AMZN
802,802,2023-03-20 10:45:00,96.13,97.35,96.125,96.75,5618236,AMZN
803,803,2023-03-20 10:30:00,96.01,96.3801,95.82,96.15,2622356,AMZN
804,804,2023-03-20 10:15:00,96.04,96.56,95.7,96.0157,3422514,AMZN
805,805,2023-03-20 10:00:00,96.585,96.6301,95.8167,96.05,4207019,AMZN
806,806,2023-03-20 09:45:00,98.41,98.48,96.41,96.585,5659126,AMZN
807,807,2023-03-20 09:30:00,98.49,98.49,98.2,98.4,97212,AMZN
808,808,2023-03-20 09:15:00,98.74,98.74,98.48,98.49,60762,AMZN
809,809,2023-03-20 09:00:00,98.7,98.95,98.55,98.72,122426,AMZN
810,810,2023-03-20 08:45:00,98.53,98.8,98.45,98.72,96232,AMZN
811,811,2023-03-20 08:30:00,98.28,98.668,98.27,98.54,48251,AMZN
812,812,2023-03-20 08:15:00,98.35,99.1,97.97,98.4,73962,AMZN
813,813,2023-03-20 08:00:00,98.4,98.63,98.33,98.58,21271,AMZN
814,814,2023-03-20 07:45:00,98.67,98.75,98.38,98.38,18639,AMZN
815,815,2023-03-20 07:30:00,98.25,98.67,98.22,98.67,23350,AMZN
816,816,2023-03-20 07:15:00,98.45,98.59,98.25,98.34,44020,AMZN
817,817,2023-03-20 07:00:00,98.7,98.75,98.3,98.37,42746,AMZN
818,818,2023-03-20 06:45:00,98.57,98.75,98.57,98.75,7448,AMZN
819,819,2023-03-20 06:30:00,98.6,98.63,98.5,98.57,3162,AMZN
820,820,2023-03-20 06:15:00,98.45,98.95,98.43,98.64,15161,AMZN
821,821,2023-03-20 06:00:00,98.55,98.6,98.51,98.59,2797,AMZN
822,822,2023-03-20 05:45:00,98.52,98.71,98.51,98.51,3581,AMZN
823,823,2023-03-20 05:30:00,98.22,98.25,98.22,98.23,2678,AMZN
824,824,2023-03-20 05:15:00,98.4,98.56,98.38,98.38,6304,AMZN
825,825,2023-03-20 05:00:00,98.2,98.3,98.09,98.24,4685,AMZN
826,826,2023-03-20 04:45:00,97.86,98.3,97.71,98.28,15362,AMZN
827,827,2023-03-20 04:30:00,98.07,98.1,97.55,97.91,11755,AMZN
828,828,2023-03-20 04:15:00,97.4,98.55,97.4,98.11,31170,AMZN
829,829,2023-03-17 20:00:00,98.82,98.82,98.75,98.8,7703,AMZN
830,830,2023-03-17 19:45:00,98.9,98.95,98.84,98.84,7213,AMZN
831,831,2023-03-17 19:30:00,98.91,98.94,98.9,98.92,7925,AMZN
832,832,2023-03-17 19:15:00,98.94,98.95,98.9,98.9,62262,AMZN
833,833,2023-03-17 19:00:00,98.99,98.99,98.92,98.96,4830,AMZN
834,834,2023-03-17 18:45:00,98.91,99.05,98.91,98.98,16026,AMZN
835,835,2023-03-17 18:30:00,98.76,98.94,98.76,98.94,11391,AMZN
836,836,2023-03-17 18:15:00,98.8,98.87,98.8,98.87,4859,AMZN
837,837,2023-03-17 18:00:00,98.8,98.8,98.67,98.76,7246,AMZN
838,838,2023-03-17 17:45:00,98.83,98.95,98.71,98.75,107890,AMZN
839,839,2023-03-17 17:30:00,98.84,98.8999,98.62,98.82,24873,AMZN
840,840,2023-03-17 17:15:00,98.67,98.95,98.67,98.83,152721,AMZN
841,841,2023-03-17 17:00:00,98.81,98.82,98.55,98.6724,95604,AMZN
842,842,2023-03-17 16:45:00,98.91,98.95,98.71,98.79,42288,AMZN
843,843,2023-03-17 16:30:00,98.96,99.0093,98.91,98.91,421850,AMZN
844,844,2023-03-17 16:15:00,98.95,99.15,98.73,99.03,8510094,AMZN
845,845,2023-03-17 16:00:00,98.985,99.265,98.55,98.95,4384975,AMZN
846,846,2023-03-17 15:45:00,98.95,99.02,98.52,98.985,1801907,AMZN
847,847,2023-03-17 15:30:00,98.655,98.985,98.59,98.9541,1455138,AMZN
848,848,2023-03-17 15:15:00,98.55,98.74,98.3,98.65,1232537,AMZN
849,849,2023-03-17 15:00:00,98.56,98.655,98.27,98.535,1491808,AMZN
850,850,2023-03-17 14:45:00,98.5,98.68,98.41,98.57,1028444,AMZN
851,851,2023-03-17 14:30:00,98.88,98.96,98.47,98.51,1146710,AMZN
852,852,2023-03-17 14:15:00,99.055,99.28,98.78,98.88,1606128,AMZN
853,853,2023-03-17 14:00:00,98.64,99.07,98.6,99.06,1347795,AMZN
854,854,2023-03-17 13:45:00,98.6089,98.83,98.31,98.635,1585578,AMZN
855,855,2023-03-17 13:30:00,98.85,98.91,98.54,98.6072,1259582,AMZN
856,856,2023-03-17 13:15:00,98.57,98.87,98.51,98.84,1801956,AMZN
857,857,2023-03-17 13:00:00,98.58,98.6599,98.32,98.57,1379226,AMZN
858,858,2023-03-17 12:45:00,98.35,98.74,98.34,98.59,1558398,AMZN
859,859,2023-03-17 12:30:00,98.22,98.41,97.95,98.359,1326937,AMZN
860,860,2023-03-17 12:15:00,97.9,98.6,97.84,98.22,1646385,AMZN
861,861,2023-03-17 12:00:00,97.63,97.96,97.55,97.9007,1390043,AMZN
862,862,2023-03-17 11:45:00,98.02,98.29,97.455,97.62,1861672,AMZN
863,863,2023-03-17 11:30:00,98.4214,98.5,97.85,98.01,1935669,AMZN
864,864,2023-03-17 11:15:00,98.115,98.54,97.9,98.43,2046743,AMZN
865,865,2023-03-17 11:00:00,98.03,98.365,97.84,98.12,2415300,AMZN
866,866,2023-03-17 10:45:00,98.675,98.8099,97.97,98.03,3032342,AMZN
867,867,2023-03-17 10:30:00,99.54,99.62,98.3402,98.67,3598641,AMZN
868,868,2023-03-17 10:15:00,100.21,100.56,99.49,99.55,2631388,AMZN
869,869,2023-03-17 10:00:00,99.6,100.4581,99.17,100.2061,3057182,AMZN
870,870,2023-03-17 09:45:00,99.79,100.66,99.4,99.605,12278086,AMZN
871,871,2023-03-17 09:30:00,99.65,100.47,99.56,99.77,383944,AMZN
872,872,2023-03-17 09:15:00,99.34,99.7493,99.27,99.7,83142,AMZN
873,873,2023-03-17 09:00:00,99.52,99.53,99.29,99.31,81506,AMZN
874,874,2023-03-17 08:45:00,99.54,99.69,99.4,99.5,104437,AMZN
875,875,2023-03-17 08:30:00,100.02,100.06,99.4,99.52,81550,AMZN
876,876,2023-03-17 08:15:00,100.0015,100.46,99.93,100.02,115530,AMZN
877,877,2023-03-17 08:00:00,100.15,100.3,100.04,100.15,25035,AMZN
878,878,2023-03-17 07:45:00,100.01,100.13,100.0,100.13,14972,AMZN
879,879,2023-03-17 07:30:00,100.3,100.3,100.04,100.04,7115,AMZN
880,880,2023-03-17 07:15:00,99.85,100.4,99.85,100.23,55400,AMZN
881,881,2023-03-17 07:00:00,99.77,100.04,99.77,99.93,13650,AMZN
882,882,2023-03-17 06:45:00,99.8,99.85,99.8,99.85,17483,AMZN
883,883,2023-03-17 06:30:00,99.91,99.94,99.68,99.8,7416,AMZN
884,884,2023-03-17 06:15:00,100.04,100.04,99.78,99.8,894,AMZN
885,885,2023-03-17 06:00:00,99.74,100.01,99.74,100.01,4189,AMZN
886,886,2023-03-17 05:45:00,99.95,99.95,99.75,99.75,4139,AMZN
887,887,2023-03-17 05:30:00,99.77,99.95,99.66,99.88,4999,AMZN
888,888,2023-03-17 05:15:00,99.85,100.02,99.75,99.75,8685,AMZN
889,889,2023-03-17 05:00:00,100.07,100.11,99.83,99.85,11004,AMZN
890,890,2023-03-17 04:45:00,100.24,100.24,100.1,100.1,2855,AMZN
891,891,2023-03-17 04:30:00,100.14,100.24,100.14,100.2,1170,AMZN
892,892,2023-03-17 04:15:00,100.03,100.28,100.03,100.2,2166,AMZN
893,893,2023-03-16 20:00:00,99.94,100.0,99.85,99.93,11987,AMZN
894,894,2023-03-16 19:45:00,100.1,100.1,99.98,99.98,13459,AMZN
895,895,2023-03-16 19:30:00,100.08,100.14,100.04,100.07,10940,AMZN
896,896,2023-03-16 19:15:00,99.98,100.15,99.95,100.04,26081,AMZN
897,897,2023-03-16 19:00:00,99.87,100.0,99.84,99.99,24618,AMZN
898,898,2023-03-16 18:45:00,99.76,99.9,99.75,99.8999,17507,AMZN
899,899,2023-03-16 18:30:00,99.85,99.9,99.7501,99.7501,3782,AMZN
900,900,2023-03-16 18:15:00,99.89,99.89,99.8,99.88,7728,AMZN
901,901,2023-03-16 18:00:00,99.94,99.95,99.86,99.9,8717,AMZN
902,902,2023-03-16 17:45:00,99.92,99.95,99.89,99.89,5612,AMZN
903,903,2023-03-16 17:30:00,99.9,99.99,99.8765,99.95,11795,AMZN
904,904,2023-03-16 17:15:00,99.84,100.04,99.83,99.89,28169,AMZN
905,905,2023-03-16 17:00:00,99.99,100.16,99.8,99.81,32078,AMZN
906,906,2023-03-16 16:45:00,100.17,100.19,99.9,99.97,100704,AMZN
907,907,2023-03-16 16:30:00,100.13,100.31,100.04,100.19,499789,AMZN
908,908,2023-03-16 16:15:00,100.04,100.18,99.84,100.1,2303657,AMZN
909,909,2023-03-16 16:00:00,99.93,100.09,99.7,100.07,6960198,AMZN
910,910,2023-03-16 15:45:00,100.16,100.19,99.785,99.93,2242754,AMZN
911,911,2023-03-16 15:30:00,100.04,100.31,99.94,100.165,2173146,AMZN
912,912,2023-03-16 15:15:00,100.26,100.34,100.02,100.04,1894762,AMZN
913,913,2023-03-16 15:00:00,100.1661,100.3099,99.87,100.2587,1448630,AMZN
914,914,2023-03-16 14:45:00,100.3397,100.3478,99.97,100.175,1834060,AMZN
915,915,2023-03-16 14:30:00,100.1,100.38,99.97,100.3316,1348133,AMZN
916,916,2023-03-16 14:15:00,100.14,100.36,99.96,100.11,1557368,AMZN
917,917,2023-03-16 14:00:00,100.29,100.3015,99.76,100.135,1666379,AMZN
918,918,2023-03-16 13:45:00,100.37,100.47,100.18,100.2845,1467391,AMZN
919,919,2023-03-16 13:30:00,100.645,100.685,100.21,100.36,1794784,AMZN
920,920,2023-03-16 13:15:00,100.905,100.99,100.5601,100.645,2267275,AMZN
921,921,2023-03-16 13:00:00,100.114,100.94,99.99,100.9,2886654,AMZN
922,922,2023-03-16 12:45:00,100.07,100.19,99.88,100.1106,1638646,AMZN
923,923,2023-03-16 12:30:00,99.735,100.3225,99.72,100.06,3048762,AMZN
924,924,2023-03-16 12:15:00,100.2004,100.4,99.67,99.7372,2845479,AMZN
925,925,2023-03-16 12:00:00,100.38,100.466,100.015,100.2184,2788583,AMZN
926,926,2023-03-16 11:45:00,99.815,100.43,99.61,100.37,2780855,AMZN
927,927,2023-03-16 11:30:00,99.505,100.22,99.47,99.83,4558810,AMZN
928,928,2023-03-16 11:15:00,99.445,99.695,99.03,99.495,3090078,AMZN
929,929,2023-03-16 11:00:00,98.58,99.7,98.515,99.4461,5322414,AMZN
930,930,2023-03-16 10:45:00,97.75,98.62,97.71,98.5799,3711209,AMZN
931,931,2023-03-16 10:30:00,97.4881,97.77,96.96,97.7517,3237458,AMZN
932,932,2023-03-16 10:15:00,97.525,97.71,97.083,97.48,3284439,AMZN
933,933,2023-03-16 10:00:00,96.92,97.57,96.4095,97.5273,3292683,AMZN
934,934,2023-03-16 09:45:00,95.75,97.12,95.61,96.9009,4851192,AMZN
935,935,2023-03-16 09:30:00,96.3,96.3,95.0,95.74,221208,AMZN
936,936,2023-03-16 09:15:00,96.14,96.38,96.01,96.24,62419,AMZN
937,937,2023-03-16 09:00:00,96.12,96.38,96.03,96.11,92910,AMZN
938,938,2023-03-16 08:45:00,96.56,96.67,96.03,96.15,107640,AMZN
939,939,2023-03-16 08:30:00,96.46,96.69,96.39,96.64,71375,AMZN
940,940,2023-03-16 08:15:00,96.08,96.5,95.83,96.5,144579,AMZN
941,941,2023-03-16 08:00:00,96.15,96.38,96.15,96.33,57831,AMZN
942,942,2023-03-16 07:45:00,96.05,96.13,96.05,96.1,17747,AMZN
943,943,2023-03-16 07:30:00,95.85,96.1,95.85,96.0,20124,AMZN
944,944,2023-03-16 07:15:00,96.18,96.2,95.84,95.88,13677,AMZN
945,945,2023-03-16 07:00:00,96.18,96.18,95.92,96.18,7898,AMZN
946,946,2023-03-16 06:45:00,96.18,96.19,96.09,96.18,4177,AMZN
947,947,2023-03-16 06:30:00,95.99,96.19,95.99,96.15,2021,AMZN
948,948,2023-03-16 06:15:00,96.04,96.15,96.02,96.12,2092,AMZN
949,949,2023-03-16 06:00:00,96.04,96.09,95.65,96.08,5935,AMZN
950,950,2023-03-16 05:45:00,96.19,96.2,96.0,96.09,4135,AMZN
951,951,2023-03-16 05:30:00,96.08,96.2,96.0,96.14,6641,AMZN
952,952,2023-03-16 05:15:00,96.26,96.3,96.17,96.27,4476,AMZN
953,953,2023-03-16 05:00:00,96.5,96.5,96.27,96.27,5172,AMZN
954,954,2023-03-16 04:45:00,96.47,96.5,96.37,96.5,9086,AMZN
955,955,2023-03-16 04:30:00,96.3,96.43,96.28,96.4,7083,AMZN
956,956,2023-03-16 04:15:00,96.31,96.66,96.31,96.45,5364,AMZN
957,957,2023-03-15 20:00:00,96.33,96.33,96.2,96.22,16300,AMZN
958,958,2023-03-15 19:45:00,96.37,96.37,96.3101,96.35,4996,AMZN
959,959,2023-03-15 19:30:00,96.33,96.33,96.26,96.27,1673,AMZN
960,960,2023-03-15 19:15:00,96.26,96.35,96.25,96.27,9868,AMZN
961,961,2023-03-15 19:00:00,96.25,96.27,96.2,96.26,5721,AMZN
962,962,2023-03-15 18:45:00,96.24,96.27,96.21,96.25,10810,AMZN
963,963,2023-03-15 18:30:00,96.22,96.25,96.12,96.25,8868,AMZN
964,964,2023-03-15 18:15:00,96.17,96.23,96.11,96.2,10327,AMZN
965,965,2023-03-15 18:00:00,96.15,96.2,96.11,96.17,16951,AMZN
966,966,2023-03-15 17:45:00,96.2118,96.23,96.1554,96.1554,407998,AMZN
967,967,2023-03-15 17:30:00,96.22,96.25,96.2,96.24,23333,AMZN
968,968,2023-03-15 17:15:00,96.16,96.49,96.13,96.22,393841,AMZN
969,969,2023-03-15 17:00:00,96.16,96.3,96.08,96.2,18457,AMZN
970,970,2023-03-15 16:45:00,96.25,96.38,96.01,96.16,52009,AMZN
971,971,2023-03-15 16:30:00,96.24,96.3,96.2,96.25,57983,AMZN
972,972,2023-03-15 16:15:00,96.2,96.5,96.12,96.2,3518640,AMZN
973,973,2023-03-15 16:00:00,95.8,96.3,95.34,96.26,4888230,AMZN
974,974,2023-03-15 15:45:00,95.91,96.02,95.36,95.8117,2285188,AMZN
975,975,2023-03-15 15:30:00,95.74,96.09,95.6283,95.9265,1741038,AMZN
976,976,2023-03-15 15:15:00,96.0,96.35,95.56,95.75,1845732,AMZN
977,977,2023-03-15 15:00:00,95.98,96.1656,95.48,96.0,2166224,AMZN
978,978,2023-03-15 14:45:00,96.31,96.56,95.89,95.98,2638665,AMZN
979,979,2023-03-15 14:30:00,95.61,96.67,95.45,96.29,3753693,AMZN
980,980,2023-03-15 14:15:00,95.57,95.7,95.34,95.62,1521248,AMZN
981,981,2023-03-15 14:00:00,95.06,95.69,94.98,95.56,1541066,AMZN
982,982,2023-03-15 13:45:00,95.4,95.75,94.98,95.07,1993697,AMZN
983,983,2023-03-15 13:30:00,94.754,95.48,94.7,95.3837,1889222,AMZN
984,984,2023-03-15 13:15:00,94.47,94.83,94.31,94.7401,1215697,AMZN
985,985,2023-03-15 13:00:00,94.84,94.87,94.2604,94.48,1504711,AMZN
986,986,2023-03-15 12:45:00,94.86,95.18,94.75,94.84,1613082,AMZN
987,987,2023-03-15 12:30:00,94.69,94.98,94.59,94.8622,1745817,AMZN
988,988,2023-03-15 12:15:00,94.71,94.93,94.27,94.6801,1613838,AMZN
989,989,2023-03-15 12:00:00,94.9,95.25,94.62,94.715,2268326,AMZN
990,990,2023-03-15 11:45:00,94.2,95.04,93.7365,94.905,2622612,AMZN
991,991,2023-03-15 11:30:00,94.11,94.32,93.885,94.2,1659680,AMZN
992,992,2023-03-15 11:15:00,94.015,94.19,93.28,94.0934,1733142,AMZN
993,993,2023-03-15 11:00:00,93.26,94.12,93.08,94.01,2069132,AMZN
994,994,2023-03-15 10:45:00,93.67,93.97,93.07,93.26,2096641,AMZN
995,995,2023-03-15 10:30:00,93.81,94.25,93.55,93.66,1852762,AMZN
996,996,2023-03-15 10:15:00,93.93,94.54,93.75,93.8,2268069,AMZN
997,997,2023-03-15 10:00:00,94.545,94.67,93.733,93.95,2177996,AMZN
998,998,2023-03-15 09:45:00,93.22,94.7399,93.07,94.54,4416856,AMZN
999,999,2023-03-15 09:30:00,93.14,93.65,93.0,93.24,142874,AMZN
1000,1000,2023-03-15 09:15:00,93.25,93.41,92.98,93.15,104597,AMZN
1001,1001,2023-03-15 09:00:00,93.22,93.37,92.93,93.24,85434,AMZN
1002,1002,2023-03-15 08:45:00,93.57,93.8,93.1,93.22,201425,AMZN
1003,1003,2023-03-15 08:30:00,93.4387,93.56,93.4,93.5,60170,AMZN
1004,1004,2023-03-15 08:15:00,92.94,95.28,92.94,93.37,182825,AMZN
1005,1005,2023-03-15 08:00:00,93.31,93.34,93.2,93.21,26312,AMZN
1006,1006,2023-03-15 07:45:00,93.42,93.43,93.19,93.29,44734,AMZN
1007,1007,2023-03-15 07:30:00,93.36,93.5,93.3,93.42,24517,AMZN
1008,1008,2023-03-15 07:15:00,92.9,93.48,92.77,93.34,51866,AMZN
1009,1009,2023-03-15 07:00:00,93.3,93.46,92.66,92.79,39803,AMZN
1010,1010,2023-03-15 06:45:00,93.8,93.8,93.03,93.45,20385,AMZN
1011,1011,2023-03-15 06:30:00,93.8,93.95,93.59,93.59,9329,AMZN
1012,1012,2023-03-15 06:15:00,94.1,94.2,93.79,93.84,19013,AMZN
1013,1013,2023-03-15 06:00:00,94.19,94.39,94.02,94.1,7664,AMZN
1014,1014,2023-03-15 05:45:00,94.32,94.36,93.96,94.15,13794,AMZN
1015,1015,2023-03-15 05:30:00,94.56,94.56,94.37,94.37,5651,AMZN
1016,1016,2023-03-15 05:15:00,94.61,94.67,94.55,94.67,3086,AMZN
1017,1017,2023-03-15 05:00:00,94.95,94.99,94.73,94.76,3328,AMZN
1018,1018,2023-03-15 04:45:00,94.87,94.9,94.87,94.9,1020,AMZN
1019,1019,2023-03-15 04:30:00,95.01,95.09,94.93,94.93,13248,AMZN
1020,1020,2023-03-15 04:15:00,94.62,94.99,94.56,94.99,9494,AMZN
1021,1021,2023-03-14 20:00:00,94.8,94.9,94.76,94.9,11557,AMZN
1022,1022,2023-03-14 19:45:00,94.9,94.9,94.73,94.8,7233,AMZN
1023,1023,2023-03-14 19:30:00,94.95,94.95,94.88,94.94,9243,AMZN
1024,1024,2023-03-14 19:15:00,94.84,95.0,94.84,94.93,5638,AMZN
1025,1025,2023-03-14 19:00:00,94.89,94.9,94.87,94.9,2996,AMZN
1026,1026,2023-03-14 18:45:00,94.94,94.94,94.85,94.9,5733,AMZN
1027,1027,2023-03-14 18:30:00,94.95,95.0,94.83,94.99,14087,AMZN
1028,1028,2023-03-14 18:15:00,94.96,95.03,94.86,94.95,36310,AMZN
1029,1029,2023-03-14 18:00:00,94.8,94.91,94.77,94.84,30100,AMZN
1030,1030,2023-03-14 17:45:00,94.79,94.85,94.78,94.85,9295,AMZN
1031,1031,2023-03-14 17:30:00,94.8,94.82,94.77,94.8,9669,AMZN
1032,1032,2023-03-14 17:15:00,94.9,94.9,94.8,94.83,247998,AMZN
1033,1033,2023-03-14 17:00:00,94.86,95.0,94.85,94.85,39542,AMZN
1034,1034,2023-03-14 16:45:00,94.77,94.94,94.73,94.85,42714,AMZN
1035,1035,2023-03-14 16:30:00,94.6999,94.88,94.68,94.74,271824,AMZN
1036,1036,2023-03-14 16:15:00,94.88,94.92,94.64,94.64,2151405,AMZN
1037,1037,2023-03-14 16:00:00,94.14,95.05,94.02,94.91,5388226,AMZN
1038,1038,2023-03-14 15:45:00,93.585,94.19,93.51,94.14,1647282,AMZN
1039,1039,2023-03-14 15:30:00,93.51,93.81,93.38,93.585,1677962,AMZN
1040,1040,2023-03-14 15:15:00,94.02,94.22,93.49,93.51,1493803,AMZN
1041,1041,2023-03-14 15:00:00,93.915,94.18,93.88,94.01,1098590,AMZN
1042,1042,2023-03-14 14:45:00,94.175,94.255,93.8918,93.92,1041628,AMZN
1043,1043,2023-03-14 14:30:00,93.77,94.195,93.56,94.175,1174884,AMZN
1044,1044,2023-03-14 14:15:00,93.73,93.89,93.31,93.78,1287510,AMZN
1045,1045,2023-03-14 14:00:00,93.685,94.14,93.65,93.725,1126922,AMZN
1046,1046,2023-03-14 13:45:00,93.78,94.12,93.6,93.69,1256389,AMZN
1047,1047,2023-03-14 13:30:00,93.935,93.95,93.37,93.7899,1810725,AMZN
1048,1048,2023-03-14 13:15:00,94.0499,94.1599,93.82,93.93,1388505,AMZN
1049,1049,2023-03-14 13:00:00,94.2,94.45,93.93,94.04,1207562,AMZN
1050,1050,2023-03-14 12:45:00,94.03,94.395,94.02,94.19,1176609,AMZN
1051,1051,2023-03-14 12:30:00,94.21,94.27,93.81,94.04,1323368,AMZN
1052,1052,2023-03-14 12:15:00,94.565,94.65,94.15,94.2199,1325375,AMZN
1053,1053,2023-03-14 12:00:00,94.83,94.87,94.56,94.5653,1283071,AMZN
1054,1054,2023-03-14 11:45:00,94.76,95.07,94.6009,94.8281,2006915,AMZN
1055,1055,2023-03-14 11:30:00,94.49,94.82,94.415,94.7573,2097622,AMZN
1056,1056,2023-03-14 11:15:00,94.06,94.605,94.04,94.495,1780098,AMZN
1057,1057,2023-03-14 11:00:00,94.17,94.62,94.01,94.07,2839379,AMZN
1058,1058,2023-03-14 10:45:00,94.2601,94.3,93.87,94.16,1870044,AMZN
1059,1059,2023-03-14 10:30:00,93.6,94.34,93.3,94.27,2393181,AMZN
1060,1060,2023-03-14 10:15:00,93.26,93.69,93.03,93.61,2291841,AMZN
1061,1061,2023-03-14 10:00:00,93.46,93.69,92.93,93.26,2928332,AMZN
1062,1062,2023-03-14 09:45:00,93.83,93.9222,92.71,93.44,5013173,AMZN
1063,1063,2023-03-14 09:30:00,93.9,93.9735,93.62,93.76,162198,AMZN
1064,1064,2023-03-14 09:15:00,93.78,93.99,93.69,93.92,139091,AMZN
1065,1065,2023-03-14 09:00:00,93.54,93.95,93.49,93.8,124394,AMZN
1066,1066,2023-03-14 08:45:00,93.5,93.89,92.22,93.5,270821,AMZN
1067,1067,2023-03-14 08:30:00,93.45,93.7,93.44,93.6499,70266,AMZN
1068,1068,2023-03-14 08:15:00,93.3693,93.57,92.199,93.43,132996,AMZN
1069,1069,2023-03-14 08:00:00,93.51,93.54,93.2,93.28,16398,AMZN
1070,1070,2023-03-14 07:45:00,93.48,93.57,93.45,93.47,26115,AMZN
1071,1071,2023-03-14 07:30:00,93.3,93.54,93.3,93.43,12543,AMZN
1072,1072,2023-03-14 07:15:00,93.16,93.31,92.98,93.3,21067,AMZN
1073,1073,2023-03-14 07:00:00,93.04,93.04,93.04,93.04,1441,AMZN
1074,1074,2023-03-14 06:45:00,93.03,93.03,93.03,93.03,192,AMZN
1075,1075,2023-03-14 06:30:00,92.95,92.95,92.84,92.84,1081,AMZN
1076,1076,2023-03-14 06:15:00,92.95,93.07,92.94,92.94,2578,AMZN
1077,1077,2023-03-14 06:00:00,93.16,93.19,93.16,93.19,2450,AMZN
1078,1078,2023-03-14 05:45:00,93.14,93.14,93.1,93.1,699,AMZN
1079,1079,2023-03-14 05:30:00,92.99,93.0,92.99,93.0,509,AMZN
1080,1080,2023-03-14 05:15:00,93.25,93.25,93.09,93.1,6571,AMZN
1081,1081,2023-03-14 05:00:00,93.25,93.28,93.11,93.23,3938,AMZN
1082,1082,2023-03-14 04:45:00,92.95,93.37,92.95,93.3,6328,AMZN
1083,1083,2023-03-14 04:30:00,93.03,93.03,92.87,92.91,4025,AMZN
1084,1084,2023-03-14 04:15:00,92.68,93.38,92.68,92.9,3516,AMZN
1085,1085,2023-03-13 20:00:00,92.7,92.7,92.55,92.7,9890,AMZN
1086,1086,2023-03-13 19:45:00,92.65,92.7,92.6,92.7,10313,AMZN
1087,1087,2023-03-13 19:30:00,92.73,92.85,92.61,92.61,5613,AMZN
1088,1088,2023-03-13 19:15:00,92.78,92.85,92.7001,92.78,7626,AMZN
1089,1089,2023-03-13 19:00:00,92.76,92.85,92.7,92.7,7783,AMZN
1090,1090,2023-03-13 18:45:00,92.7,92.76,92.65,92.76,18655,AMZN
1091,1091,2023-03-13 18:30:00,92.6,92.6,92.59,92.6,4251,AMZN
1092,1092,2023-03-13 18:15:00,92.6,92.72,92.5,92.65,9937,AMZN
1093,1093,2023-03-13 18:00:00,92.5,92.75,92.5,92.6,25627,AMZN
1094,1094,2023-03-13 17:45:00,92.57,92.57,92.43,92.5,19794,AMZN
1095,1095,2023-03-13 17:30:00,92.6,92.61,92.52,92.6,12890,AMZN
1096,1096,2023-03-13 17:15:00,92.6,92.69,92.51,92.62,27454,AMZN
1097,1097,2023-03-13 17:00:00,92.44,92.69,92.44,92.64,190521,AMZN
1098,1098,2023-03-13 16:45:00,92.4,92.53,92.35,92.46,61466,AMZN
1099,1099,2023-03-13 16:30:00,92.4489,92.5,92.37,92.42,78337,AMZN
1100,1100,2023-03-13 16:15:00,92.43,92.58,92.21,92.45,2495162,AMZN
1101,1101,2023-03-13 16:00:00,93.23,93.3,92.29,92.43,5044120,AMZN
1102,1102,2023-03-13 15:45:00,92.82,93.48,92.76,93.24,2117523,AMZN
1103,1103,2023-03-13 15:30:00,93.72,93.76,92.64,92.815,1864245,AMZN
1104,1104,2023-03-13 15:15:00,93.77,93.87,93.355,93.715,1381681,AMZN
1105,1105,2023-03-13 15:00:00,93.55,93.81,93.27,93.78,1343646,AMZN
1106,1106,2023-03-13 14:45:00,93.76,94.02,93.41,93.544,1830392,AMZN
1107,1107,2023-03-13 14:30:00,93.56,93.98,93.55,93.77,2098809,AMZN
1108,1108,2023-03-13 14:15:00,92.98,93.62,92.9601,93.555,1972101,AMZN
1109,1109,2023-03-13 14:00:00,92.9384,93.02,92.71,92.975,1098452,AMZN
1110,1110,2023-03-13 13:45:00,92.545,93.1,92.29,92.94,1491359,AMZN
1111,1111,2023-03-13 13:30:00,92.735,93.02,92.31,92.56,1296083,AMZN
1112,1112,2023-03-13 13:15:00,92.83,92.99,92.37,92.76,1682147,AMZN
1113,1113,2023-03-13 13:00:00,93.41,93.61,92.71,92.81,1516705,AMZN
1114,1114,2023-03-13 12:45:00,93.13,93.665,92.75,93.43,1716190,AMZN
1115,1115,2023-03-13 12:30:00,93.21,93.54,92.73,93.14,2012311,AMZN
1116,1116,2023-03-13 12:15:00,93.02,93.49,92.73,93.235,2254353,AMZN
1117,1117,2023-03-13 12:00:00,92.79,93.28,92.6217,93.0177,2333288,AMZN
1118,1118,2023-03-13 11:45:00,92.81,92.89,92.2792,92.7856,2303283,AMZN
1119,1119,2023-03-13 11:30:00,92.11,92.87,92.11,92.8,2810539,AMZN
1120,1120,2023-03-13 11:15:00,91.62,92.52,91.45,92.115,2867584,AMZN
1121,1121,2023-03-13 11:00:00,90.78,91.75,90.62,91.5842,2590477,AMZN
1122,1122,2023-03-13 10:45:00,90.4,91.3,90.3601,90.78,2756950,AMZN
1123,1123,2023-03-13 10:30:00,90.3908,90.8099,89.99,90.3877,2591627,AMZN
1124,1124,2023-03-13 10:15:00,90.16,90.88,89.91,90.4,3081928,AMZN
1125,1125,2023-03-13 10:00:00,88.45,90.66,88.12,90.17,3911122,AMZN
1126,1126,2023-03-13 09:45:00,89.97,90.57,88.22,88.4301,6934850,AMZN
1127,1127,2023-03-13 09:30:00,89.41,90.1,89.41,89.96,325859,AMZN
1128,1128,2023-03-13 09:15:00,89.3,89.75,89.0125,89.41,222732,AMZN
1129,1129,2023-03-13 09:00:00,89.38,89.47,88.39,89.29,506479,AMZN
1130,1130,2023-03-13 08:45:00,90.65,90.74,89.34,89.34,344734,AMZN
1131,1131,2023-03-13 08:30:00,90.89,91.17,90.63,90.65,89160,AMZN
1132,1132,2023-03-13 08:15:00,91.5,93.2,90.504,90.91,205314,AMZN
1133,1133,2023-03-13 08:00:00,91.08,91.4,91.08,91.2,21975,AMZN
1134,1134,2023-03-13 07:45:00,91.38,91.46,91.07,91.07,24996,AMZN
1135,1135,2023-03-13 07:30:00,91.41,91.5,91.25,91.3,24047,AMZN
1136,1136,2023-03-13 07:15:00,91.6,91.8,91.35,91.4,69898,AMZN
1137,1137,2023-03-13 07:00:00,90.92,91.88,90.85,91.61,36343,AMZN
1138,1138,2023-03-13 06:45:00,91.16,91.3,90.99,91.0,20592,AMZN
1139,1139,2023-03-13 06:30:00,91.04,91.21,90.99,91.21,9461,AMZN
1140,1140,2023-03-13 06:15:00,91.16,91.54,90.9,91.19,8277,AMZN
1141,1141,2023-03-13 06:00:00,91.67,91.97,91.01,91.01,13746,AMZN
1142,1142,2023-03-13 05:45:00,90.99,91.73,90.78,91.69,26713,AMZN
1143,1143,2023-03-13 05:30:00,91.3,91.4,90.8,90.83,18189,AMZN
1144,1144,2023-03-13 05:15:00,91.3,91.48,91.0,91.3,17186,AMZN
1145,1145,2023-03-13 05:00:00,91.83,91.83,91.06,91.3,13426,AMZN
1146,1146,2023-03-13 04:45:00,92.01,92.03,91.86,91.86,9421,AMZN
1147,1147,2023-03-13 04:30:00,92.37,92.4,92.0,92.01,8609,AMZN
1148,1148,2023-03-13 04:15:00,92.0,92.53,92.0,92.37,15192,AMZN
1149,1149,2023-03-10 20:00:00,90.83,90.98,90.81,90.98,10243,AMZN
1150,1150,2023-03-10 19:45:00,90.8,90.85,90.76,90.85,7428,AMZN
1151,1151,2023-03-10 19:30:00,90.8,90.85,90.77,90.85,6788,AMZN
1152,1152,2023-03-10 19:15:00,90.85,90.88,90.65,90.79,11118,AMZN
1153,1153,2023-03-10 19:00:00,90.85,90.86,90.79,90.84,8572,AMZN
1154,1154,2023-03-10 18:45:00,90.8,90.84,90.79,90.8,7093,AMZN
1155,1155,2023-03-10 18:30:00,90.85,90.86,90.79,90.83,24729,AMZN
1156,1156,2023-03-10 18:15:00,90.85,90.85,90.79,90.85,5576,AMZN
1157,1157,2023-03-10 18:00:00,90.76,90.86,90.76,90.85,9492,AMZN
1158,1158,2023-03-10 17:45:00,90.84,90.89,90.78,90.78,10678,AMZN
1159,1159,2023-03-10 17:30:00,90.85,90.87,90.84,90.85,10785,AMZN
1160,1160,2023-03-10 17:15:00,90.94,90.94,90.73,90.85,32570,AMZN
1161,1161,2023-03-10 17:00:00,90.6279,91.0,90.62,90.94,211172,AMZN
1162,1162,2023-03-10 16:45:00,90.64,90.73,90.55,90.62,32853,AMZN
1163,1163,2023-03-10 16:30:00,90.56,90.73,90.5301,90.58,102089,AMZN
1164,1164,2023-03-10 16:15:00,90.73,90.93,90.55,90.55,1688389,AMZN
1165,1165,2023-03-10 16:00:00,90.54,90.82,90.245,90.73,4776416,AMZN
1166,1166,2023-03-10 15:45:00,91.01,91.07,90.44,90.54,2994980,AMZN
1167,1167,2023-03-10 15:30:00,91.085,91.32,90.83,91.02,1787816,AMZN
1168,1168,2023-03-10 15:15:00,91.3268,91.49,90.93,91.1,1810188,AMZN
1169,1169,2023-03-10 15:00:00,90.99,91.69,90.92,91.32,1981481,AMZN
1170,1170,2023-03-10 14:45:00,90.88,91.34,90.88,90.99,1685414,AMZN
1171,1171,2023-03-10 14:30:00,91.18,91.23,90.8177,90.89,1728396,AMZN
1172,1172,2023-03-10 14:15:00,90.92,91.49,90.89,91.185,2010041,AMZN
1173,1173,2023-03-10 14:00:00,91.11,91.19,90.81,90.92,1731840,AMZN
1174,1174,2023-03-10 13:45:00,90.81,91.12,90.745,91.11,1678364,AMZN
1175,1175,2023-03-10 13:30:00,91.23,91.255,90.78,90.8132,1847953,AMZN
1176,1176,2023-03-10 13:15:00,91.215,91.365,91.13,91.245,1213228,AMZN
1177,1177,2023-03-10 13:00:00,91.8501,91.97,91.14,91.2127,1943002,AMZN
1178,1178,2023-03-10 12:45:00,92.0,92.243,91.71,91.86,1970801,AMZN
1179,1179,2023-03-10 12:30:00,92.11,92.271,91.82,91.9999,1275777,AMZN
1180,1180,2023-03-10 12:15:00,92.395,92.54,92.0,92.11,1631178,AMZN
1181,1181,2023-03-10 12:00:00,93.03,93.075,92.375,92.39,1967442,AMZN
1182,1182,2023-03-10 11:45:00,93.155,93.57,92.96,93.02,2362818,AMZN
1183,1183,2023-03-10 11:30:00,92.76,93.195,92.48,93.1599,2270907,AMZN
1184,1184,2023-03-10 11:15:00,93.03,93.31,92.73,92.765,2234131,AMZN
1185,1185,2023-03-10 11:00:00,92.01,93.0968,91.8786,93.0399,2380331,AMZN
1186,1186,2023-03-10 10:45:00,91.8532,92.69,91.73,92.0195,2331088,AMZN
1187,1187,2023-03-10 10:30:00,92.5,92.585,91.6635,91.855,2504213,AMZN
1188,1188,2023-03-10 10:15:00,91.42,92.7884,91.4,92.505,4031776,AMZN
1189,1189,2023-03-10 10:00:00,91.29,91.65,90.8,91.425,4285331,AMZN
1190,1190,2023-03-10 09:45:00,92.67,92.8,91.25,91.28,4353556,AMZN
1191,1191,2023-03-10 09:30:00,92.48,92.82,92.44,92.71,121375,AMZN
1192,1192,2023-03-10 09:15:00,93.25,93.25,92.33,92.48,215171,AMZN
1193,1193,2023-03-10 09:00:00,93.44,93.55,93.13,93.24,139039,AMZN
1194,1194,2023-03-10 08:45:00,92.57,93.48,92.01,93.438,478042,AMZN
1195,1195,2023-03-10 08:30:00,92.4,92.6,92.3101,92.53,83200,AMZN
1196,1196,2023-03-10 08:15:00,92.62,92.92,91.37,92.41,138260,AMZN
1197,1197,2023-03-10 08:00:00,92.69,92.8,92.61,92.72,18053,AMZN
1198,1198,2023-03-10 07:45:00,92.76,92.76,92.4,92.55,18483,AMZN
1199,1199,2023-03-10 07:30:00,92.67,93.0,92.67,92.79,25160,AMZN
1200,1200,2023-03-10 07:15:00,92.75,92.75,92.51,92.62,39315,AMZN
1201,1201,2023-03-10 07:00:00,93.05,93.1,92.79,92.79,11677,AMZN
1202,1202,2023-03-10 06:45:00,92.58,93.43,92.58,93.04,19632,AMZN
1203,1203,2023-03-10 06:30:00,92.37,92.59,92.26,92.59,3184,AMZN
1204,1204,2023-03-10 06:15:00,92.16,92.31,92.16,92.28,3347,AMZN
1205,1205,2023-03-10 06:00:00,92.31,92.31,92.16,92.16,1832,AMZN
1206,1206,2023-03-10 05:45:00,92.38,92.4,92.17,92.3,1113,AMZN
1207,1207,2023-03-10 05:30:00,92.43,92.5,92.37,92.42,2520,AMZN
1208,1208,2023-03-10 05:15:00,92.22,92.42,92.22,92.42,7229,AMZN
1209,1209,2023-03-10 05:00:00,92.38,92.38,92.13,92.22,3722,AMZN
1210,1210,2023-03-10 04:45:00,92.45,92.49,92.29,92.29,3720,AMZN
1211,1211,2023-03-10 04:30:00,92.31,92.44,92.31,92.44,4553,AMZN
1212,1212,2023-03-10 04:15:00,92.06,92.33,91.8,92.33,9799,AMZN
1213,1213,2023-03-09 20:00:00,92.0801,92.16,92.0,92.0,20102,AMZN
1214,1214,2023-03-09 19:45:00,92.12,92.18,92.1,92.1,7541,AMZN
1215,1215,2023-03-09 19:30:00,92.2,92.23,92.1,92.1,13740,AMZN
1216,1216,2023-03-09 19:15:00,92.24,92.25,92.16,92.25,6333,AMZN
1217,1217,2023-03-09 19:00:00,92.2,92.25,92.16,92.24,8579,AMZN
1218,1218,2023-03-09 18:45:00,92.17,92.31,92.15,92.15,12913,AMZN
1219,1219,2023-03-09 18:30:00,92.19,92.2,92.1,92.17,8345,AMZN
1220,1220,2023-03-09 18:15:00,92.23,92.23,92.0,92.16,14583,AMZN
1221,1221,2023-03-09 18:00:00,92.2586,92.2874,92.2,92.2408,12568,AMZN
1222,1222,2023-03-09 17:45:00,92.2517,92.29,92.2,92.25,16234,AMZN
1223,1223,2023-03-09 17:30:00,92.22,92.34,92.22,92.29,102896,AMZN
1224,1224,2023-03-09 17:15:00,92.3,92.33,92.2,92.21,159357,AMZN
1225,1225,2023-03-09 17:00:00,92.27,92.35,92.25,92.29,180975,AMZN
1226,1226,2023-03-09 16:45:00,92.19,92.43,92.19,92.27,58816,AMZN
1227,1227,2023-03-09 16:30:00,92.2,92.25,92.16,92.19,71480,AMZN
1228,1228,2023-03-09 16:15:00,92.25,92.36,92.16,92.19,916286,AMZN
1229,1229,2023-03-09 16:00:00,92.51,92.76,92.18,92.25,4294336,AMZN
1230,1230,2023-03-09 15:45:00,92.37,92.78,92.27,92.505,2172830,AMZN
1231,1231,2023-03-09 15:30:00,92.7901,92.86,92.19,92.36,2131818,AMZN
1232,1232,2023-03-09 15:15:00,93.2,93.27,92.73,92.7939,1637071,AMZN
1233,1233,2023-03-09 15:00:00,93.345,93.43,93.09,93.195,1163720,AMZN
1234,1234,2023-03-09 14:45:00,93.205,93.54,93.05,93.345,1507378,AMZN
1235,1235,2023-03-09 14:30:00,93.15,93.47,93.08,93.205,1580542,AMZN
1236,1236,2023-03-09 14:15:00,93.42,93.44,92.95,93.14,1625611,AMZN
1237,1237,2023-03-09 14:00:00,93.61,93.7,93.1801,93.4134,1299781,AMZN
1238,1238,2023-03-09 13:45:00,93.85,93.86,93.44,93.615,1299100,AMZN
1239,1239,2023-03-09 13:30:00,94.48,94.51,93.75,93.8456,1479766,AMZN
1240,1240,2023-03-09 13:15:00,94.84,94.9873,94.47,94.4879,1281441,AMZN
1241,1241,2023-03-09 13:00:00,94.98,94.99,94.66,94.85,1445277,AMZN
1242,1242,2023-03-09 12:45:00,95.37,95.465,94.91,94.97,1196630,AMZN
1243,1243,2023-03-09 12:30:00,95.15,95.49,95.11,95.3667,1294944,AMZN
1244,1244,2023-03-09 12:15:00,95.47,95.53,95.1,95.155,1409094,AMZN
1245,1245,2023-03-09 12:00:00,95.67,95.825,95.35,95.46,1651321,AMZN
1246,1246,2023-03-09 11:45:00,95.19,95.69,95.17,95.67,1618222,AMZN
1247,1247,2023-03-09 11:30:00,95.68,95.7678,95.14,95.1809,1513437,AMZN
1248,1248,2023-03-09 11:15:00,95.55,95.69,95.32,95.685,1618776,AMZN
1249,1249,2023-03-09 11:00:00,96.13,96.21,95.52,95.55,1676916,AMZN
1250,1250,2023-03-09 10:45:00,95.72,96.16,95.565,96.1266,2372656,AMZN
1251,1251,2023-03-09 10:30:00,95.455,95.72,95.07,95.72,2144055,AMZN
1252,1252,2023-03-09 10:15:00,95.425,95.8,95.38,95.46,2215234,AMZN
1253,1253,2023-03-09 10:00:00,94.85,95.64,94.775,95.425,3291355,AMZN
1254,1254,2023-03-09 09:45:00,93.68,95.17,93.56,94.8401,4439722,AMZN
1255,1255,2023-03-09 09:30:00,93.99,94.15,93.55,93.6,96333,AMZN
1256,1256,2023-03-09 09:15:00,93.95,94.24,93.95,94.05,87014,AMZN
1257,1257,2023-03-09 09:00:00,93.65,93.97,93.6,93.97,52034,AMZN
1258,1258,2023-03-09 08:45:00,93.33,93.98,93.33,93.64,164815,AMZN
1259,1259,2023-03-09 08:30:00,93.14,93.33,93.14,93.33,266364,AMZN
1260,1260,2023-03-09 08:15:00,93.47,93.94,93.12,93.14,78949,AMZN
1261,1261,2023-03-09 08:00:00,93.28,93.35,93.21,93.32,15062,AMZN
1262,1262,2023-03-09 07:45:00,93.38,93.38,93.29,93.31,10802,AMZN
1263,1263,2023-03-09 07:30:00,93.36,93.4,93.3,93.4,9747,AMZN
1264,1264,2023-03-09 07:15:00,93.47,93.47,93.29,93.36,19276,AMZN
1265,1265,2023-03-09 07:00:00,93.33,93.4,93.32,93.4,4667,AMZN
1266,1266,2023-03-09 06:45:00,93.34,93.35,93.3,93.35,1685,AMZN
1267,1267,2023-03-09 06:30:00,93.33,93.35,93.29,93.34,4423,AMZN
1268,1268,2023-03-09 06:15:00,93.2,93.28,93.2,93.27,1938,AMZN
1269,1269,2023-03-09 06:00:00,93.21,93.22,93.18,93.18,1170,AMZN
1270,1270,2023-03-09 05:45:00,93.2,93.22,93.2,93.2,1727,AMZN
1271,1271,2023-03-09 05:30:00,93.14,93.14,93.09,93.09,1423,AMZN
1272,1272,2023-03-09 05:15:00,93.16,93.17,93.16,93.17,1531,AMZN
1273,1273,2023-03-09 05:00:00,93.19,93.21,93.17,93.17,2899,AMZN
1274,1274,2023-03-09 04:45:00,93.2,93.28,93.16,93.23,2945,AMZN
1275,1275,2023-03-09 04:30:00,93.29,93.36,93.26,93.26,2250,AMZN
1276,1276,2023-03-09 04:15:00,93.67,93.67,93.37,93.37,7846,AMZN
1277,1277,2023-03-08 20:00:00,93.59,93.73,93.54,93.73,23821,AMZN
1278,1278,2023-03-08 19:45:00,93.8,93.8,93.5,93.59,24641,AMZN
1279,1279,2023-03-08 19:30:00,93.75,93.8,93.75,93.8,1346,AMZN
1280,1280,2023-03-08 19:15:00,93.77,93.78,93.74,93.74,2821,AMZN
1281,1281,2023-03-08 19:00:00,93.76,93.87,93.75,93.8,6457,AMZN
1282,1282,2023-03-08 18:45:00,93.85,93.86,93.78,93.8,5459,AMZN
1283,1283,2023-03-08 18:30:00,93.81,93.85,93.81,93.84,5364,AMZN
1284,1284,2023-03-08 18:15:00,93.86,93.86,93.81,93.81,7088,AMZN
1285,1285,2023-03-08 18:00:00,93.93,93.95,93.87,93.87,11489,AMZN
1286,1286,2023-03-08 17:45:00,93.92,93.97,93.91,93.92,6864,AMZN
1287,1287,2023-03-08 17:30:00,93.94,93.97,93.85,93.92,21010,AMZN
1288,1288,2023-03-08 17:15:00,93.94,93.95,93.88,93.93,13462,AMZN
1289,1289,2023-03-08 17:00:00,93.96,94.01,93.92,93.95,190218,AMZN
1290,1290,2023-03-08 16:45:00,93.91,94.11,93.88,93.96,52223,AMZN
1291,1291,2023-03-08 16:30:00,93.96,93.98,93.81,93.91,16256,AMZN
1292,1292,2023-03-08 16:15:00,93.92,93.99,93.75,93.97,970841,AMZN
1293,1293,2023-03-08 16:00:00,93.86,94.03,93.69,93.92,3315076,AMZN
1294,1294,2023-03-08 15:45:00,93.465,93.89,93.405,93.8601,1722547,AMZN
1295,1295,2023-03-08 15:30:00,93.335,93.47,93.28,93.465,918718,AMZN
1296,1296,2023-03-08 15:15:00,93.4631,93.6,93.22,93.3388,1021964,AMZN
1297,1297,2023-03-08 15:00:00,93.5,93.5305,93.39,93.4671,923180,AMZN
1298,1298,2023-03-08 14:45:00,93.485,93.65,93.25,93.5,1231880,AMZN
1299,1299,2023-03-08 14:30:00,93.15,93.5,93.11,93.485,1160327,AMZN
1300,1300,2023-03-08 14:15:00,93.0,93.32,92.91,93.155,1032937,AMZN
1301,1301,2023-03-08 14:00:00,92.84,93.04,92.79,92.99,929382,AMZN
1302,1302,2023-03-08 13:45:00,92.88,93.0,92.765,92.845,872931,AMZN
1303,1303,2023-03-08 13:30:00,92.98,93.23,92.85,92.885,875966,AMZN
1304,1304,2023-03-08 13:15:00,93.24,93.29,92.92,92.99,1136569,AMZN
1305,1305,2023-03-08 13:00:00,93.43,93.475,93.1226,93.23,799247,AMZN
1306,1306,2023-03-08 12:45:00,93.345,93.495,93.045,93.435,1293796,AMZN
1307,1307,2023-03-08 12:30:00,93.45,93.49,93.3,93.3401,996415,AMZN
1308,1308,2023-03-08 12:15:00,93.97,94.09,93.31,93.46,1142368,AMZN
1309,1309,2023-03-08 12:00:00,93.84,94.165,93.63,93.9501,1838986,AMZN
1310,1310,2023-03-08 11:45:00,93.27,93.87,92.84,93.845,2076837,AMZN
1311,1311,2023-03-08 11:30:00,93.585,93.69,93.25,93.265,1310048,AMZN
1312,1312,2023-03-08 11:15:00,93.17,93.68,93.11,93.59,1577814,AMZN
1313,1313,2023-03-08 11:00:00,93.24,93.3323,92.94,93.1709,1191200,AMZN
1314,1314,2023-03-08 10:45:00,92.93,93.35,92.82,93.24,1972584,AMZN
1315,1315,2023-03-08 10:30:00,92.69,92.97,92.3164,92.93,2201696,AMZN
1316,1316,2023-03-08 10:15:00,92.85,93.135,92.18,92.69,3075420,AMZN
1317,1317,2023-03-08 10:00:00,92.87,93.09,92.62,92.83,2235395,AMZN
1318,1318,2023-03-08 09:45:00,93.6,93.74,92.8,92.865,3607106,AMZN
1319,1319,2023-03-08 09:30:00,93.84,93.97,93.54,93.59,89935,AMZN
1320,1320,2023-03-08 09:15:00,93.77,93.89,93.7,93.82,41195,AMZN
1321,1321,2023-03-08 09:00:00,93.94,93.96,93.7,93.83,30506,AMZN
1322,1322,2023-03-08 08:45:00,93.7,93.99,93.67,93.9599,57766,AMZN
1323,1323,2023-03-08 08:30:00,93.6,93.77,93.45,93.67,61714,AMZN
1324,1324,2023-03-08 08:15:00,93.7516,93.84,93.15,93.63,78990,AMZN
1325,1325,2023-03-08 08:00:00,93.48,93.62,93.48,93.62,6615,AMZN
1326,1326,2023-03-08 07:45:00,93.6,93.64,93.45,93.45,14844,AMZN
1327,1327,2023-03-08 07:30:00,93.76,93.76,93.55,93.63,8436,AMZN
1328,1328,2023-03-08 07:15:00,93.78,93.82,93.75,93.78,27982,AMZN
1329,1329,2023-03-08 07:00:00,93.81,93.84,93.8,93.8,3419,AMZN
1330,1330,2023-03-08 06:45:00,93.87,93.89,93.81,93.85,2915,AMZN
1331,1331,2023-03-08 06:30:00,93.91,93.93,93.86,93.93,7355,AMZN
1332,1332,2023-03-08 06:15:00,93.83,93.96,93.83,93.9,1855,AMZN
1333,1333,2023-03-08 06:00:00,93.7,93.84,93.7,93.84,2640,AMZN
1334,1334,2023-03-08 05:45:00,93.57,93.7,93.57,93.7,3546,AMZN
1335,1335,2023-03-08 05:15:00,93.59,93.68,93.5,93.5,4723,AMZN
1336,1336,2023-03-08 05:00:00,93.46,93.46,93.44,93.44,400,AMZN
1337,1337,2023-03-08 04:45:00,93.44,93.48,93.43,93.48,2207,AMZN
1338,1338,2023-03-08 04:30:00,93.43,93.44,93.36,93.43,2548,AMZN
1339,1339,2023-03-08 04:15:00,93.55,93.69,93.55,93.55,2518,AMZN
1340,1340,2023-03-07 20:00:00,93.37,93.55,93.36,93.4,10390,AMZN
1341,1341,2023-03-07 19:45:00,93.37,93.4,93.34,93.39,3194,AMZN
1342,1342,2023-03-07 19:30:00,93.36,93.48,93.3,93.32,9113,AMZN
1343,1343,2023-03-07 19:15:00,93.58,93.58,93.35,93.35,6636,AMZN
1344,1344,2023-03-07 19:00:00,93.56,93.56,93.5,93.5,1554,AMZN
1345,1345,2023-03-07 18:45:00,93.55,93.58,93.51,93.56,4382,AMZN
1346,1346,2023-03-07 18:30:00,93.57,93.57,93.51,93.55,5028,AMZN
1347,1347,2023-03-07 18:15:00,93.54,93.58,93.54,93.57,3128,AMZN
1348,1348,2023-03-07 18:00:00,93.5,93.55,93.5,93.51,2328072,AMZN
1349,1349,2023-03-07 17:45:00,93.5,93.55,93.5,93.5099,5556,AMZN
1350,1350,2023-03-07 17:30:00,93.55,93.56,93.5,93.54,14700,AMZN
1351,1351,2023-03-07 17:15:00,93.55,93.56,93.53,93.5499,9015,AMZN
1352,1352,2023-03-07 17:00:00,93.54,93.556,93.5148,93.55,102779,AMZN
1353,1353,2023-03-07 16:45:00,93.6399,93.64,93.48,93.52,7311,AMZN
1354,1354,2023-03-07 16:30:00,93.52,93.6,93.49,93.6,41083,AMZN
1355,1355,2023-03-07 16:15:00,93.55,93.55,93.48,93.48,580146,AMZN
1356,1356,2023-03-07 16:00:00,93.4722,93.66,93.32,93.53,3220361,AMZN
1357,1357,2023-03-07 15:45:00,93.37,93.62,93.35,93.47,1210575,AMZN
1358,1358,2023-03-07 15:30:00,93.55,93.687,93.32,93.3624,907133,AMZN
1359,1359,2023-03-07 15:15:00,93.415,93.72,93.38,93.55,1011561,AMZN
1360,1360,2023-03-07 15:00:00,93.61,93.66,93.39,93.4152,917065,AMZN
1361,1361,2023-03-07 14:45:00,93.755,93.85,93.59,93.625,811502,AMZN
1362,1362,2023-03-07 14:30:00,94.0,94.04,93.7426,93.75,968867,AMZN
1363,1363,2023-03-07 14:15:00,93.69,94.04,93.68,93.995,899218,AMZN
1364,1364,2023-03-07 14:00:00,93.62,93.7699,93.43,93.69,1245287,AMZN
1365,1365,2023-03-07 13:45:00,94.12,94.25,93.6,93.6272,1051671,AMZN
1366,1366,2023-03-07 13:30:00,94.35,94.41,94.08,94.1256,957433,AMZN
1367,1367,2023-03-07 13:15:00,94.605,94.68,94.23,94.355,1221038,AMZN
1368,1368,2023-03-07 13:00:00,94.81,95.09,94.6,94.605,1299747,AMZN
1369,1369,2023-03-07 12:45:00,94.74,94.94,94.68,94.805,1021788,AMZN
1370,1370,2023-03-07 12:30:00,94.0793,95.02,94.04,94.7486,2322502,AMZN
1371,1371,2023-03-07 12:15:00,93.92,94.28,93.82,94.07,1017750,AMZN
1372,1372,2023-03-07 12:00:00,94.06,94.1,93.82,93.91,1365390,AMZN
1373,1373,2023-03-07 11:45:00,93.74,94.09,93.71,94.05,1493582,AMZN
1374,1374,2023-03-07 11:30:00,93.605,93.99,93.5,93.75,1292057,AMZN
1375,1375,2023-03-07 11:15:00,93.31,94.0227,93.22,93.605,1559781,AMZN
1376,1376,2023-03-07 11:00:00,93.77,94.13,93.2806,93.305,1817106,AMZN
1377,1377,2023-03-07 10:45:00,93.475,94.425,93.335,93.78,2679770,AMZN
1378,1378,2023-03-07 10:30:00,93.1801,93.7275,92.92,93.465,2303327,AMZN
1379,1379,2023-03-07 10:15:00,94.32,94.38,92.78,93.19,3801896,AMZN
1380,1380,2023-03-07 10:00:00,94.58,94.82,94.2701,94.33,2022736,AMZN
1381,1381,2023-03-07 09:45:00,94.06,95.0,93.86,94.5901,3925236,AMZN
1382,1382,2023-03-07 09:30:00,93.89,94.39,93.84,94.06,94595,AMZN
1383,1383,2023-03-07 09:15:00,94.04,94.04,93.83,93.92,93859,AMZN
1384,1384,2023-03-07 09:00:00,94.21,94.21,94.01,94.04,39309,AMZN
1385,1385,2023-03-07 08:45:00,94.16,94.26,94.13,94.19,36876,AMZN
1386,1386,2023-03-07 08:30:00,94.24,94.3,94.14,94.16,60243,AMZN
1387,1387,2023-03-07 08:15:00,94.1495,94.3,93.516,94.21,117932,AMZN
1388,1388,2023-03-07 08:00:00,94.17,94.19,94.1,94.14,10624,AMZN
1389,1389,2023-03-07 07:45:00,94.12,94.25,94.06,94.19,14454,AMZN
1390,1390,2023-03-07 07:30:00,94.16,94.18,94.12,94.13,18998,AMZN
1391,1391,2023-03-07 07:15:00,94.07,94.18,94.05,94.14,19365,AMZN
1392,1392,2023-03-07 07:00:00,94.11,94.11,94.03,94.07,1486,AMZN
1393,1393,2023-03-07 06:45:00,94.2,94.2,94.11,94.11,7097,AMZN
1394,1394,2023-03-07 06:30:00,94.26,94.28,94.16,94.2,8430,AMZN
1395,1395,2023-03-07 06:15:00,94.18,94.32,94.18,94.32,14275,AMZN
1396,1396,2023-03-07 06:00:00,94.2,94.2,94.16,94.2,4493,AMZN
1397,1397,2023-03-07 05:45:00,94.15,94.15,94.15,94.15,984,AMZN
1398,1398,2023-03-07 05:30:00,94.16,94.19,94.16,94.19,352,AMZN
1399,1399,2023-03-07 05:15:00,94.15,94.15,94.14,94.14,2748,AMZN
1400,1400,2023-03-07 05:00:00,94.18,94.18,94.06,94.12,1738,AMZN
1401,1401,2023-03-07 04:45:00,94.16,94.21,94.1,94.17,2958,AMZN
1402,1402,2023-03-07 04:30:00,94.29,94.32,94.17,94.19,7353,AMZN
1403,1403,2023-03-07 04:15:00,94.2,94.34,94.1,94.29,10819,AMZN
