,time,open,high,low,close,volume,Stock
0,2023-04-05 20:00:00,104.4,104.46,104.32,104.42,6871,GOOG
1,2023-04-05 19:45:00,104.4,104.42,104.38,104.38,1612,GOOG
2,2023-04-05 19:30:00,104.4,104.43,104.3401,104.3401,1288,GOOG
3,2023-04-05 19:15:00,104.38,104.38,104.37,104.37,978,GOOG
4,2023-04-05 19:00:00,104.4,104.45,104.4,104.45,4353,GOOG
5,2023-04-05 18:45:00,104.35,104.4,104.34,104.4,1574,GOOG
6,2023-04-05 18:30:00,104.34,104.4,104.34,104.34,3767,GOOG
7,2023-04-05 18:15:00,104.3201,104.43,104.32,104.37,4723,GOOG
8,2023-04-05 18:00:00,104.39,104.42,104.35,104.35,2682,GOOG
9,2023-04-05 17:45:00,104.38,104.4599,104.38,104.38,4666,GOOG
10,2023-04-05 17:30:00,104.3868,104.43,104.3868,104.39,712,GOOG
11,2023-04-05 17:15:00,104.41,104.47,104.38,104.44,3312,GOOG
12,2023-04-05 17:00:00,104.39,104.41,104.39,104.41,1372,GOOG
13,2023-04-05 16:45:00,104.47,104.47,104.28,104.39,7338,GOOG
14,2023-04-05 16:30:00,104.5,104.5,104.46,104.49,10189,GOOG
15,2023-04-05 16:15:00,104.47,104.55,104.2742,104.2742,610362,GOOG
16,2023-04-05 16:00:00,104.39,104.625,104.28,104.46,1983247,GOOG
17,2023-04-05 15:45:00,104.08,104.42,104.035,104.385,835518,GOOG
18,2023-04-05 15:30:00,103.93,104.17,103.86,104.07,608375,GOOG
19,2023-04-05 15:15:00,104.325,104.36,103.92,103.92,526496,GOOG
20,2023-04-05 15:00:00,104.33,104.53,104.28,104.33,608449,GOOG
21,2023-04-05 14:45:00,104.18,104.45,104.14,104.3223,456173,GOOG
22,2023-04-05 14:30:00,104.1373,104.27,104.132,104.19,353185,GOOG
23,2023-04-05 14:15:00,104.11,104.18,103.87,104.1399,528330,GOOG
24,2023-04-05 14:00:00,104.11,104.1761,104.05,104.105,409538,GOOG
25,2023-04-05 13:45:00,103.93,104.21,103.93,104.105,494618,GOOG
26,2023-04-05 13:30:00,103.79,104.04,103.79,103.93,475690,GOOG
27,2023-04-05 13:15:00,103.86,103.87,103.68,103.785,431597,GOOG
28,2023-04-05 13:00:00,103.83,103.91,103.66,103.8608,528896,GOOG
29,2023-04-05 12:45:00,103.9,104.05,103.8214,103.8383,480165,GOOG
30,2023-04-05 12:30:00,104.01,104.21,103.82,103.9,628291,GOOG
31,2023-04-05 12:15:00,104.16,104.2,103.94,104.01,581900,GOOG
32,2023-04-05 12:00:00,104.155,104.3781,104.13,104.17,703808,GOOG
33,2023-04-05 11:45:00,104.31,104.55,104.085,104.155,878782,GOOG
34,2023-04-05 11:30:00,103.935,104.32,103.85,104.31,1237827,GOOG
35,2023-04-05 11:15:00,103.75,104.0,103.73,103.93,942060,GOOG
36,2023-04-05 11:00:00,104.0777,104.16,103.71,103.75,1153678,GOOG
37,2023-04-05 10:45:00,104.6,104.715,104.07,104.07,1031228,GOOG
38,2023-04-05 10:30:00,104.79,104.89,104.43,104.605,1072809,GOOG
39,2023-04-05 10:15:00,104.93,105.23,104.35,104.7851,1645174,GOOG
40,2023-04-05 10:00:00,105.07,105.13,104.14,104.93,2105543,GOOG
41,2023-04-05 09:45:00,105.78,106.1,104.72,105.0793,3046704,GOOG
42,2023-04-05 09:30:00,105.95,105.99,105.41,105.85,124167,GOOG
43,2023-04-05 09:15:00,106.06,106.2,105.82,105.89,45782,GOOG
44,2023-04-05 09:00:00,106.16,106.25,105.85,106.0,64238,GOOG
45,2023-04-05 08:45:00,106.45,106.54,105.84,106.17,103537,GOOG
46,2023-04-05 08:30:00,106.0,106.69,105.95,106.3,131336,GOOG
47,2023-04-05 08:15:00,106.1595,106.25,104.33,105.96,110612,GOOG
48,2023-04-05 08:00:00,106.18,106.45,106.0,106.0,52602,GOOG
49,2023-04-05 07:45:00,106.05,106.17,106.02,106.17,22930,GOOG
50,2023-04-05 07:30:00,106.16,106.18,105.98,106.02,40066,GOOG
51,2023-04-05 07:15:00,105.38,106.12,105.13,106.12,71393,GOOG
52,2023-04-05 07:00:00,105.21,105.5,105.21,105.4,19032,GOOG
53,2023-04-05 06:45:00,105.12,105.26,105.1,105.21,13146,GOOG
54,2023-04-05 06:30:00,105.02,105.05,104.98,104.98,2354,GOOG
55,2023-04-05 06:15:00,104.9,105.2,104.9,105.01,9206,GOOG
56,2023-04-05 06:00:00,104.85,104.9,104.74,104.9,4482,GOOG
57,2023-04-05 05:45:00,104.75,104.8,104.75,104.8,1423,GOOG
58,2023-04-05 05:30:00,104.85,104.85,104.72,104.72,622,GOOG
59,2023-04-05 05:15:00,104.69,104.86,104.69,104.86,2090,GOOG
60,2023-04-05 05:00:00,104.86,104.86,104.85,104.85,1003,GOOG
61,2023-04-05 04:30:00,104.64,104.74,104.64,104.74,677,GOOG
62,2023-04-05 04:15:00,104.68,104.69,104.68,104.69,444,GOOG
63,2023-04-04 20:00:00,104.94,104.96,104.94,104.95,6115,GOOG
64,2023-04-04 19:45:00,104.91,104.94,104.91,104.94,3802,GOOG
65,2023-04-04 19:30:00,104.88,104.91,104.88,104.91,6435,GOOG
66,2023-04-04 19:15:00,104.87,104.88,104.85,104.87,5861,GOOG
67,2023-04-04 19:00:00,104.86,104.89,104.85,104.89,5223,GOOG
68,2023-04-04 18:45:00,104.9,104.94,104.86,104.86,11607,GOOG
69,2023-04-04 18:30:00,104.82,104.89,104.82,104.87,1781,GOOG
70,2023-04-04 18:15:00,104.77,104.94,104.77,104.89,16012,GOOG
71,2023-04-04 18:00:00,104.75,104.77,104.75,104.77,700,GOOG
72,2023-04-04 17:45:00,104.73,104.7699,104.72,104.76,3154,GOOG
73,2023-04-04 17:30:00,104.72,104.73,104.72,104.73,2504,GOOG
74,2023-04-04 17:15:00,104.76,104.76,104.72,104.72,75378,GOOG
75,2023-04-04 17:00:00,104.7501,104.77,104.75,104.77,1842,GOOG
76,2023-04-04 16:45:00,104.75,104.76,104.74,104.76,3875,GOOG
77,2023-04-04 16:30:00,104.72,104.7934,104.72,104.76,23169,GOOG
78,2023-04-04 16:15:00,104.77,104.83,104.72,104.73,520716,GOOG
79,2023-04-04 16:00:00,104.37,104.77,104.22,104.77,2119967,GOOG
80,2023-04-04 15:45:00,104.49,104.53,104.33,104.37,686972,GOOG
81,2023-04-04 15:30:00,104.53,104.645,104.46,104.485,516313,GOOG
82,2023-04-04 15:15:00,104.395,104.735,104.38,104.53,572510,GOOG
83,2023-04-04 15:00:00,104.52,104.53,104.273,104.4,406806,GOOG
84,2023-04-04 14:45:00,104.69,104.69,104.4029,104.525,543021,GOOG
85,2023-04-04 14:30:00,104.77,104.81,104.6,104.7,390441,GOOG
86,2023-04-04 14:15:00,104.65,104.8299,104.605,104.76,345618,GOOG
87,2023-04-04 14:00:00,104.64,104.705,104.5,104.65,385720,GOOG
88,2023-04-04 13:45:00,104.71,104.79,104.61,104.6461,437125,GOOG
89,2023-04-04 13:30:00,104.6304,104.8355,104.55,104.715,515697,GOOG
90,2023-04-04 13:15:00,104.56,104.755,104.49,104.64,505724,GOOG
91,2023-04-04 13:00:00,104.435,104.59,104.34,104.5401,465587,GOOG
92,2023-04-04 12:45:00,104.45,104.53,104.37,104.43,368248,GOOG
93,2023-04-04 12:30:00,104.43,104.55,104.3063,104.46,478969,GOOG
94,2023-04-04 12:15:00,104.815,104.92,104.25,104.435,612508,GOOG
95,2023-04-04 12:00:00,104.92,105.0799,104.81,104.81,551074,GOOG
96,2023-04-04 11:45:00,104.98,105.06,104.82,104.9199,625581,GOOG
97,2023-04-04 11:30:00,105.11,105.11,104.695,104.9776,856428,GOOG
98,2023-04-04 11:15:00,105.095,105.34,104.93,105.1052,690579,GOOG
99,2023-04-04 11:00:00,105.33,105.42,104.875,105.095,914591,GOOG
100,2023-04-04 10:45:00,105.355,105.54,105.13,105.33,907334,GOOG
101,2023-04-04 10:30:00,105.37,105.5,104.92,105.355,1000665,GOOG
102,2023-04-04 10:15:00,105.115,105.58,104.92,105.355,1552071,GOOG
103,2023-04-04 10:00:00,104.52,105.31,104.5,105.1075,1437843,GOOG
104,2023-04-04 09:45:00,104.33,105.1091,104.04,104.5137,2596089,GOOG
105,2023-04-04 09:30:00,104.3,104.51,104.04,104.34,119949,GOOG
106,2023-04-04 09:15:00,104.62,104.7688,104.17,104.3,49679,GOOG
107,2023-04-04 09:00:00,104.64,104.7298,104.57,104.7,16913,GOOG
108,2023-04-04 08:45:00,104.8899,104.8899,104.65,104.69,15190,GOOG
109,2023-04-04 08:30:00,104.85,104.9,104.8,104.8,7298,GOOG
110,2023-04-04 08:15:00,104.89,105.1,103.75,104.8516,35641,GOOG
111,2023-04-04 08:00:00,104.91,104.95,104.87,104.95,2027,GOOG
112,2023-04-04 07:45:00,104.88,105.1,104.88,104.95,8285,GOOG
113,2023-04-04 07:30:00,104.9,104.96,104.81,104.88,18653,GOOG
114,2023-04-04 07:15:00,104.83,105.1,104.83,104.89,31391,GOOG
115,2023-04-04 07:00:00,104.95,104.95,104.8,104.95,7360,GOOG
116,2023-04-04 06:45:00,104.88,104.95,104.85,104.95,2964,GOOG
117,2023-04-04 06:30:00,104.83,104.87,104.77,104.87,1221,GOOG
118,2023-04-04 06:15:00,105.0,105.0,104.8,104.81,11608,GOOG
119,2023-04-04 06:00:00,104.85,105.0,104.85,105.0,5874,GOOG
120,2023-04-04 05:45:00,104.64,104.86,104.64,104.86,3273,GOOG
121,2023-04-04 05:30:00,104.42,104.65,104.42,104.64,3317,GOOG
122,2023-04-04 05:15:00,104.32,104.41,104.3,104.41,2062,GOOG
123,2023-04-04 05:00:00,104.39,104.39,104.39,104.39,210,GOOG
124,2023-04-04 04:45:00,104.33,104.4,104.32,104.39,1157,GOOG
125,2023-04-04 04:30:00,104.36,104.36,104.34,104.35,836,GOOG
126,2023-04-04 04:15:00,104.4,104.42,104.36,104.4,3294,GOOG
127,2023-04-03 20:00:00,104.19,104.22,104.08,104.08,11653,GOOG
128,2023-04-03 19:45:00,104.19,104.26,104.19,104.26,1844,GOOG
129,2023-04-03 19:30:00,104.24,104.24,104.24,104.24,315,GOOG
130,2023-04-03 19:15:00,104.2,104.24,104.17,104.24,1817,GOOG
131,2023-04-03 19:00:00,104.22,104.22,104.16,104.16,1197,GOOG
132,2023-04-03 18:45:00,104.2,104.22,104.19,104.22,1588,GOOG
133,2023-04-03 18:30:00,104.2,104.2,104.16,104.16,1463,GOOG
134,2023-04-03 18:15:00,104.2,104.22,104.2,104.21,8427,GOOG
135,2023-04-03 18:00:00,104.22,104.24,104.2,104.2,2626,GOOG
136,2023-04-03 17:45:00,104.17,104.21,104.17,104.21,2135,GOOG
137,2023-04-03 17:30:00,104.25,104.25,104.21,104.21,2841,GOOG
138,2023-04-03 17:15:00,104.25,104.269,104.2,104.25,15986,GOOG
139,2023-04-03 17:00:00,104.24,104.27,104.2,104.27,2408,GOOG
140,2023-04-03 16:45:00,104.31,104.31,104.11,104.23,8722,GOOG
141,2023-04-03 16:30:00,104.4,104.4,104.3,104.36,118774,GOOG
142,2023-04-03 16:15:00,104.37,104.42,104.25,104.42,1305529,GOOG
143,2023-04-03 16:00:00,104.045,104.53,104.035,104.39,2594572,GOOG
144,2023-04-03 15:45:00,103.925,104.07,103.86,104.045,1081859,GOOG
145,2023-04-03 15:30:00,103.845,104.03,103.77,103.9268,798098,GOOG
146,2023-04-03 15:15:00,103.65,103.9,103.6,103.855,1118366,GOOG
147,2023-04-03 15:00:00,103.335,103.7,103.335,103.6499,504087,GOOG
148,2023-04-03 14:45:00,103.08,103.46,103.06,103.345,492480,GOOG
149,2023-04-03 14:30:00,103.105,103.11,102.885,103.085,379604,GOOG
150,2023-04-03 14:15:00,103.08,103.175,102.98,103.11,447442,GOOG
151,2023-04-03 14:00:00,102.94,103.1242,102.92,103.08,380503,GOOG
152,2023-04-03 13:45:00,102.9604,103.165,102.89,102.945,707123,GOOG
153,2023-04-03 13:30:00,102.955,103.08,102.885,102.965,402225,GOOG
154,2023-04-03 13:15:00,103.13,103.13,102.9296,102.9524,430428,GOOG
155,2023-04-03 13:00:00,103.25,103.33,103.1,103.15,377185,GOOG
156,2023-04-03 12:45:00,103.28,103.4,103.155,103.255,337344,GOOG
157,2023-04-03 12:30:00,103.16,103.365,103.1101,103.285,457378,GOOG
158,2023-04-03 12:15:00,103.05,103.17,102.94,103.16,553719,GOOG
159,2023-04-03 12:00:00,102.75,103.0601,102.7499,103.0499,613823,GOOG
160,2023-04-03 11:45:00,102.94,102.94,102.72,102.75,430575,GOOG
161,2023-04-03 11:30:00,102.72,103.06,102.675,102.95,603600,GOOG
162,2023-04-03 11:15:00,102.92,103.03,102.54,102.725,625382,GOOG
163,2023-04-03 11:00:00,103.3,103.34,102.71,102.92,973582,GOOG
164,2023-04-03 10:45:00,103.66,103.7,103.18,103.305,797722,GOOG
165,2023-04-03 10:30:00,103.465,103.735,103.33,103.6591,892624,GOOG
166,2023-04-03 10:15:00,103.33,103.62,103.16,103.465,894440,GOOG
167,2023-04-03 10:00:00,103.36,103.695,103.1002,103.33,1003172,GOOG
168,2023-04-03 09:45:00,102.39,103.79,101.93,103.37,2371044,GOOG
169,2023-04-03 09:30:00,102.53,102.8,102.0,102.37,168114,GOOG
170,2023-04-03 09:15:00,102.65,102.9,102.41,102.45,51603,GOOG
171,2023-04-03 09:00:00,102.46,102.75,102.45,102.69,24013,GOOG
172,2023-04-03 08:45:00,102.4,102.486,102.3,102.41,19407,GOOG
173,2023-04-03 08:30:00,102.5013,102.63,102.4,102.4,8125,GOOG
174,2023-04-03 08:15:00,103.1596,103.471,102.5,102.51,70416,GOOG
175,2023-04-03 08:00:00,102.59,102.59,102.52,102.55,4237,GOOG
176,2023-04-03 07:45:00,102.91,102.91,102.61,102.62,8041,GOOG
177,2023-04-03 07:30:00,102.91,102.95,102.9,102.94,4810,GOOG
178,2023-04-03 07:15:00,103.14,103.17,102.9,102.9,8599,GOOG
179,2023-04-03 07:00:00,103.19,103.19,103.01,103.13,7923,GOOG
180,2023-04-03 06:45:00,102.94,103.3,102.89,103.08,21033,GOOG
181,2023-04-03 06:30:00,102.95,102.97,102.95,102.97,3309,GOOG
182,2023-04-03 06:15:00,102.88,102.95,102.88,102.95,1235,GOOG
183,2023-04-03 06:00:00,102.82,102.82,102.8,102.8,861,GOOG
184,2023-04-03 05:45:00,102.9,102.9,102.85,102.85,2326,GOOG
185,2023-04-03 05:30:00,102.83,102.83,102.83,102.83,2134,GOOG
186,2023-04-03 05:15:00,102.85,102.99,102.7,102.75,5052,GOOG
187,2023-04-03 05:00:00,102.89,102.9,102.79,102.79,2399,GOOG
188,2023-04-03 04:45:00,102.73,102.79,102.73,102.79,729,GOOG
189,2023-04-03 04:30:00,102.9,102.96,102.8,102.8,3748,GOOG
190,2023-04-03 04:15:00,103.13,103.18,102.7,102.9,11724,GOOG
191,2023-03-31 20:00:00,103.73,103.73,103.55,103.55,6854,GOOG
192,2023-03-31 19:45:00,103.65,103.72,103.64,103.7199,7296,GOOG
193,2023-03-31 19:30:00,103.64,103.66,103.62,103.66,6826,GOOG
194,2023-03-31 19:15:00,103.64,103.66,103.6201,103.6599,6346,GOOG
195,2023-03-31 19:00:00,103.63,103.64,103.63,103.64,2710,GOOG
196,2023-03-31 18:45:00,103.61,103.65,103.6,103.65,2503,GOOG
197,2023-03-31 18:30:00,103.6499,103.6499,103.57,103.58,1621,GOOG
198,2023-03-31 18:15:00,103.66,103.73,103.52,103.55,545835,GOOG
199,2023-03-31 18:00:00,103.64,103.65,103.64,103.64,3317,GOOG
200,2023-03-31 17:45:00,103.69,103.69,103.61,103.63,6602,GOOG
201,2023-03-31 17:30:00,103.68,103.71,103.68,103.7,3716,GOOG
202,2023-03-31 17:15:00,103.7,103.74,103.67,103.6989,9239,GOOG
203,2023-03-31 17:00:00,103.68,103.73,103.67,103.73,17631,GOOG
204,2023-03-31 16:45:00,103.68,103.7,103.67,103.69,9761,GOOG
205,2023-03-31 16:30:00,103.73,103.73,103.67,103.68,449592,GOOG
206,2023-03-31 16:15:00,103.73,103.73,103.5522,103.61,1436958,GOOG
207,2023-03-31 16:00:00,103.18,103.89,103.16,103.69,5223090,GOOG
208,2023-03-31 15:45:00,103.48,103.61,103.17,103.1763,1532722,GOOG
209,2023-03-31 15:30:00,103.15,103.49,103.12,103.485,1110040,GOOG
210,2023-03-31 15:15:00,102.99,103.285,102.99,103.155,971175,GOOG
211,2023-03-31 15:00:00,102.81,103.01,102.77,103.0,540757,GOOG
212,2023-03-31 14:45:00,102.725,102.91,101.3,102.82,513244,GOOG
213,2023-03-31 14:30:00,102.78,102.7999,102.59,102.725,476157,GOOG
214,2023-03-31 14:15:00,102.73,102.92,102.715,102.7799,540935,GOOG
215,2023-03-31 14:00:00,102.57,102.7685,102.57,102.73,422376,GOOG
216,2023-03-31 13:45:00,102.6,102.69,102.54,102.575,454029,GOOG
217,2023-03-31 13:30:00,102.39,102.65,102.34,102.595,586648,GOOG
218,2023-03-31 13:15:00,102.395,102.475,102.23,102.3899,609025,GOOG
219,2023-03-31 13:00:00,102.3059,102.45,102.255,102.3999,528166,GOOG
220,2023-03-31 12:45:00,102.49,102.53,102.3,102.31,441829,GOOG
221,2023-03-31 12:30:00,102.33,102.54,102.3101,102.49,555847,GOOG
222,2023-03-31 12:15:00,102.535,102.62,102.33,102.335,559165,GOOG
223,2023-03-31 12:00:00,102.6,102.63,102.395,102.54,710449,GOOG
224,2023-03-31 11:45:00,102.555,102.73,102.555,102.605,461993,GOOG
225,2023-03-31 11:30:00,102.53,102.86,102.5083,102.55,714122,GOOG
226,2023-03-31 11:15:00,102.56,102.64,102.3526,102.5228,1012587,GOOG
227,2023-03-31 11:00:00,103.14,103.23,102.44,102.5577,1082289,GOOG
228,2023-03-31 10:45:00,102.47,103.25,102.43,103.135,2511671,GOOG
229,2023-03-31 10:30:00,101.97,102.57,101.885,102.475,1520318,GOOG
230,2023-03-31 10:15:00,101.85,102.1798,101.61,101.96,1131610,GOOG
231,2023-03-31 10:00:00,101.51,101.89,101.465,101.84,978459,GOOG
232,2023-03-31 09:45:00,101.3,101.9201,101.04,101.51,2176713,GOOG
233,2023-03-31 09:30:00,100.97,101.33,100.62,101.27,108761,GOOG
234,2023-03-31 09:15:00,100.78,101.0,100.6995,100.99,15256,GOOG
235,2023-03-31 09:00:00,100.84,100.9,100.6845,100.7091,38210,GOOG
236,2023-03-31 08:45:00,100.61,101.15,100.54,100.88,64818,GOOG
237,2023-03-31 08:30:00,100.6643,100.6643,100.54,100.61,8545,GOOG
238,2023-03-31 08:15:00,100.7,101.37,100.5316,100.73,15833,GOOG
239,2023-03-31 08:00:00,100.75,100.75,100.75,100.75,425,GOOG
240,2023-03-31 07:45:00,100.75,100.82,100.75,100.8,5900,GOOG
241,2023-03-31 07:30:00,100.77,100.77,100.73,100.73,1099,GOOG
242,2023-03-31 07:15:00,100.79,100.9,100.64,100.69,11490,GOOG
243,2023-03-31 07:00:00,100.76,100.76,100.64,100.76,1344,GOOG
244,2023-03-31 06:45:00,100.76,100.77,100.73,100.77,948,GOOG
245,2023-03-31 06:30:00,100.82,100.82,100.73,100.82,2190,GOOG
246,2023-03-31 06:15:00,100.9,100.94,100.87,100.94,1527,GOOG
247,2023-03-31 06:00:00,100.89,100.89,100.89,100.89,214,GOOG
248,2023-03-31 05:00:00,100.95,100.95,100.95,100.95,197,GOOG
249,2023-03-31 04:45:00,100.97,100.97,100.97,100.97,149,GOOG
250,2023-03-31 04:30:00,101.09,101.09,100.83,100.89,4735,GOOG
251,2023-03-31 04:15:00,100.89,101.15,100.89,101.09,3855,GOOG
252,2023-03-30 20:00:00,100.81,100.83,100.52,100.81,9983,GOOG
253,2023-03-30 19:45:00,100.8,100.82,100.78,100.8184,5048,GOOG
254,2023-03-30 19:30:00,100.79,100.8,100.79,100.8,1034,GOOG
255,2023-03-30 19:15:00,100.75,100.8,100.75,100.8,2507,GOOG
256,2023-03-30 19:00:00,100.78,100.79,100.75,100.79,2516,GOOG
257,2023-03-30 18:45:00,100.78,100.78,100.75,100.75,384,GOOG
258,2023-03-30 18:30:00,100.78,100.79,100.72,100.72,2442,GOOG
259,2023-03-30 18:15:00,100.8,100.84,100.76,100.82,4076,GOOG
260,2023-03-30 18:00:00,100.86,100.88,100.81,100.81,7852,GOOG
261,2023-03-30 17:45:00,100.89,100.89,100.86,100.8624,228396,GOOG
262,2023-03-30 17:30:00,100.87,100.8885,100.8599,100.8872,2665,GOOG
263,2023-03-30 17:15:00,100.8,100.86,100.8,100.86,10832,GOOG
264,2023-03-30 17:00:00,100.81,100.83,100.79,100.81,3576,GOOG
265,2023-03-30 16:45:00,100.81,100.85,100.79,100.8101,8095,GOOG
266,2023-03-30 16:30:00,100.83,100.89,100.7703,100.7703,50456,GOOG
267,2023-03-30 16:15:00,100.89,100.89,100.72,100.81,2756214,GOOG
268,2023-03-30 16:00:00,100.96,100.97,100.735,100.89,2563498,GOOG
269,2023-03-30 15:45:00,100.92,101.155,100.8789,100.96,1255229,GOOG
270,2023-03-30 15:30:00,100.773,100.94,100.7,100.91,695595,GOOG
271,2023-03-30 15:15:00,100.65,100.7751,100.61,100.775,575288,GOOG
272,2023-03-30 15:00:00,100.59,100.71,100.58,100.6499,407971,GOOG
273,2023-03-30 14:45:00,100.58,100.74,100.53,100.5801,886440,GOOG
274,2023-03-30 14:30:00,100.675,100.685,100.55,100.58,1087078,GOOG
275,2023-03-30 14:15:00,100.64,100.72,100.57,100.67,405125,GOOG
276,2023-03-30 14:00:00,100.65,100.67,100.49,100.64,465237,GOOG
277,2023-03-30 13:45:00,100.6275,100.66,100.52,100.66,495207,GOOG
278,2023-03-30 13:30:00,100.73,100.7899,100.59,100.63,412809,GOOG
279,2023-03-30 13:15:00,100.65,100.74,100.5239,100.72,388494,GOOG
280,2023-03-30 13:00:00,100.615,100.77,100.52,100.645,433361,GOOG
281,2023-03-30 12:45:00,100.735,100.81,100.545,100.6107,555054,GOOG
282,2023-03-30 12:30:00,100.61,100.795,100.56,100.74,544265,GOOG
283,2023-03-30 12:15:00,100.535,100.73,100.39,100.615,590259,GOOG
284,2023-03-30 12:00:00,100.615,100.66,100.44,100.53,566560,GOOG
285,2023-03-30 11:45:00,100.4716,100.64,100.37,100.61,669371,GOOG
286,2023-03-30 11:30:00,100.665,100.856,100.2402,100.475,1039783,GOOG
287,2023-03-30 11:15:00,100.55,100.875,100.51,100.665,752220,GOOG
288,2023-03-30 11:00:00,100.42,100.611,100.33,100.5455,1155059,GOOG
289,2023-03-30 10:45:00,100.595,100.685,100.295,100.405,922148,GOOG
290,2023-03-30 10:30:00,100.0,100.67,99.97,100.59,1638177,GOOG
291,2023-03-30 10:15:00,100.35,100.52,99.78,99.99,2180658,GOOG
292,2023-03-30 10:00:00,100.095,100.36,99.925,100.35,2240404,GOOG
293,2023-03-30 09:45:00,100.91,100.99,99.7843,100.095,3936575,GOOG
294,2023-03-30 09:30:00,101.19,101.28,100.87,100.9,116827,GOOG
295,2023-03-30 09:15:00,101.4,101.4,101.07,101.2,84904,GOOG
296,2023-03-30 09:00:00,101.65,101.65,101.39,101.4,42695,GOOG
297,2023-03-30 08:45:00,101.56,101.73,101.46,101.6,57681,GOOG
298,2023-03-30 08:30:00,101.61,101.7,101.56,101.6,24826,GOOG
299,2023-03-30 08:15:00,101.6416,101.8,100.76,101.6,69871,GOOG
300,2023-03-30 08:00:00,101.7,101.75,101.62,101.68,16396,GOOG
301,2023-03-30 07:45:00,101.72,101.79,101.61,101.7,17755,GOOG
302,2023-03-30 07:30:00,101.7,101.78,101.6,101.7,18884,GOOG
303,2023-03-30 07:15:00,101.61,101.82,101.6,101.7,33653,GOOG
304,2023-03-30 07:00:00,101.6,101.65,101.55,101.61,16700,GOOG
305,2023-03-30 06:45:00,101.6,101.74,101.55,101.62,14098,GOOG
306,2023-03-30 06:30:00,101.55,101.61,101.53,101.6,2512,GOOG
307,2023-03-30 06:15:00,101.5,101.57,101.5,101.55,1978,GOOG
308,2023-03-30 06:00:00,101.58,101.6,101.5,101.5,3943,GOOG
309,2023-03-30 05:45:00,101.57,101.6,101.56,101.56,9899,GOOG
310,2023-03-30 05:30:00,101.56,101.63,101.56,101.63,13967,GOOG
311,2023-03-30 05:15:00,101.56,101.56,101.56,101.56,324,GOOG
312,2023-03-30 05:00:00,101.6,101.6,101.54,101.56,1063,GOOG
313,2023-03-30 04:45:00,101.53,101.6,101.52,101.52,1246,GOOG
314,2023-03-30 04:30:00,101.68,101.68,101.53,101.53,3308,GOOG
315,2023-03-30 04:15:00,101.18,101.67,101.18,101.67,5254,GOOG
316,2023-03-29 20:00:00,101.07,101.12,101.06,101.1,3803,GOOG
317,2023-03-29 19:45:00,101.2,101.2,101.02,101.02,3925,GOOG
318,2023-03-29 19:30:00,101.19,101.19,101.12,101.12,2730,GOOG
319,2023-03-29 19:15:00,101.18,101.22,101.16,101.19,6877,GOOG
320,2023-03-29 19:00:00,101.17,101.19,101.15,101.15,2587,GOOG
321,2023-03-29 18:45:00,101.1,101.18,101.1,101.13,7244,GOOG
322,2023-03-29 18:30:00,101.17,101.17,101.16,101.16,1562,GOOG
323,2023-03-29 18:15:00,101.12,101.1999,101.06,101.1,5743,GOOG
324,2023-03-29 18:00:00,101.11,101.17,101.05,101.05,3605,GOOG
325,2023-03-29 17:45:00,101.14,101.1496,101.12,101.1496,3447,GOOG
326,2023-03-29 17:30:00,101.07,101.13,101.01,101.04,7394,GOOG
327,2023-03-29 17:15:00,101.17,101.24,101.01,101.03,17172,GOOG
328,2023-03-29 17:00:00,101.2,101.39,101.17,101.21,47068,GOOG
329,2023-03-29 16:45:00,101.2198,101.2475,101.2,101.2,3178,GOOG
330,2023-03-29 16:30:00,101.25,101.39,101.18,101.18,25798,GOOG
331,2023-03-29 16:15:00,101.39,101.39,101.2,101.2,539497,GOOG
332,2023-03-29 16:00:00,101.39,101.54,101.18,101.38,2588665,GOOG
333,2023-03-29 15:45:00,101.39,101.44,101.28,101.395,1053697,GOOG
334,2023-03-29 15:30:00,101.33,101.43,101.27,101.395,970665,GOOG
335,2023-03-29 15:15:00,101.355,101.44,101.2355,101.33,935463,GOOG
336,2023-03-29 15:00:00,101.3939,101.47,101.18,101.355,744532,GOOG
337,2023-03-29 14:45:00,101.24,101.425,101.21,101.3937,605813,GOOG
338,2023-03-29 14:30:00,101.24,101.28,101.14,101.235,519219,GOOG
339,2023-03-29 14:15:00,101.34,101.35,101.18,101.24,593162,GOOG
340,2023-03-29 14:00:00,101.235,101.36,101.135,101.33,722559,GOOG
341,2023-03-29 13:45:00,101.45,101.53,101.18,101.24,536704,GOOG
342,2023-03-29 13:30:00,101.41,101.49,101.34,101.4554,449035,GOOG
343,2023-03-29 13:15:00,101.36,101.52,101.18,101.4,636870,GOOG
344,2023-03-29 13:00:00,101.5,101.53,101.295,101.35,473401,GOOG
345,2023-03-29 12:45:00,101.415,101.53,101.375,101.495,431879,GOOG
346,2023-03-29 12:30:00,101.59,101.62,101.39,101.41,597822,GOOG
347,2023-03-29 12:15:00,101.59,101.66,101.44,101.59,697828,GOOG
348,2023-03-29 12:00:00,101.48,101.7,101.405,101.59,837981,GOOG
349,2023-03-29 11:45:00,101.4,101.49,101.29,101.475,564101,GOOG
350,2023-03-29 11:30:00,101.13,101.46,101.09,101.4,621424,GOOG
351,2023-03-29 11:15:00,100.985,101.2091,100.96,101.135,581223,GOOG
352,2023-03-29 11:00:00,101.19,101.24,100.86,100.985,735525,GOOG
353,2023-03-29 10:45:00,101.28,101.365,100.985,101.195,862132,GOOG
354,2023-03-29 10:30:00,100.87,101.48,100.7,101.29,1053228,GOOG
355,2023-03-29 10:15:00,101.575,101.66,100.65,100.87,1746526,GOOG
356,2023-03-29 10:00:00,101.5701,101.655,101.02,101.55,2065332,GOOG
357,2023-03-29 09:45:00,102.28,102.49,101.57,101.57,2729070,GOOG
358,2023-03-29 09:30:00,102.6,102.63,102.22,102.23,113534,GOOG
359,2023-03-29 09:15:00,102.54,102.67,102.47,102.65,35559,GOOG
360,2023-03-29 09:00:00,102.29,102.66,102.26,102.58,16167,GOOG
361,2023-03-29 08:45:00,102.42,102.42,102.2476,102.29,23381,GOOG
362,2023-03-29 08:30:00,102.32,102.59,102.32,102.46,30483,GOOG
363,2023-03-29 08:15:00,102.12,102.38,100.778,102.17,30758,GOOG
364,2023-03-29 08:00:00,102.21,102.38,102.16,102.16,38171,GOOG
365,2023-03-29 07:45:00,102.18,102.25,102.16,102.16,3744,GOOG
366,2023-03-29 07:30:00,102.13,102.25,102.13,102.21,3363,GOOG
367,2023-03-29 07:15:00,102.08,102.23,102.08,102.12,8428,GOOG
368,2023-03-29 07:00:00,102.16,102.25,102.07,102.12,6447,GOOG
369,2023-03-29 06:45:00,102.25,102.25,102.16,102.16,873,GOOG
370,2023-03-29 06:30:00,102.19,102.2,102.19,102.2,1399,GOOG
371,2023-03-29 06:15:00,102.36,102.36,102.14,102.15,10927,GOOG
372,2023-03-29 06:00:00,102.34,102.6,102.34,102.35,15615,GOOG
373,2023-03-29 05:45:00,102.54,102.54,102.38,102.38,24353,GOOG
374,2023-03-29 05:30:00,102.35,102.62,102.3,102.61,33272,GOOG
375,2023-03-29 05:15:00,102.34,102.38,102.29,102.38,3269,GOOG
376,2023-03-29 05:00:00,102.38,102.38,102.3,102.3,27863,GOOG
377,2023-03-29 04:45:00,101.8,102.52,101.8,102.42,58124,GOOG
378,2023-03-29 04:30:00,101.7,101.81,101.34,101.81,6583,GOOG
379,2023-03-29 04:15:00,101.5,101.69,101.5,101.64,3738,GOOG
380,2023-03-28 20:00:00,101.18,101.21,101.18,101.21,1358,GOOG
381,2023-03-28 19:45:00,101.14,101.14,101.13,101.13,1034,GOOG
382,2023-03-28 19:30:00,101.14,101.15,101.07,101.07,2682,GOOG
383,2023-03-28 19:15:00,101.09,101.14,101.08,101.14,3641,GOOG
384,2023-03-28 19:00:00,101.09,101.09,101.09,101.09,471,GOOG
385,2023-03-28 18:45:00,101.08,101.15,101.08,101.1,2899,GOOG
386,2023-03-28 18:30:00,101.17,101.2,101.05,101.17,11225,GOOG
387,2023-03-28 18:15:00,101.17,101.2,101.17,101.17,2739,GOOG
388,2023-03-28 18:00:00,101.17,101.2,101.17,101.2,524,GOOG
389,2023-03-28 17:45:00,101.1797,101.2,101.13,101.2,2623,GOOG
390,2023-03-28 17:30:00,101.12,101.18,101.0689,101.0748,1167,GOOG
391,2023-03-28 17:15:00,101.16,101.18,101.16,101.18,933,GOOG
392,2023-03-28 17:00:00,101.14,101.16,101.12,101.16,3712,GOOG
393,2023-03-28 16:45:00,101.14,101.23,101.03,101.16,83746,GOOG
394,2023-03-28 16:30:00,101.09,101.14,101.09,101.13,3786,GOOG
395,2023-03-28 16:15:00,101.01,101.23,100.94,101.11,1699128,GOOG
396,2023-03-28 16:00:00,100.89,101.12,100.7,101.03,2240495,GOOG
397,2023-03-28 15:45:00,100.88,101.06,100.755,100.9,735054,GOOG
398,2023-03-28 15:30:00,100.92,100.99,100.78,100.88,623352,GOOG
399,2023-03-28 15:15:00,100.685,100.96,100.685,100.915,607222,GOOG
400,2023-03-28 15:00:00,100.835,100.97,100.59,100.68,505325,GOOG
401,2023-03-28 14:45:00,100.74,100.895,100.61,100.84,634265,GOOG
402,2023-03-28 14:30:00,100.455,100.77,100.455,100.74,602105,GOOG
403,2023-03-28 14:15:00,100.15,100.5,100.0868,100.45,891668,GOOG
404,2023-03-28 14:00:00,100.43,100.45,100.055,100.154,671511,GOOG
405,2023-03-28 13:45:00,100.69,100.77,100.34,100.435,866548,GOOG
406,2023-03-28 13:30:00,100.63,100.88,100.59,100.69,606247,GOOG
407,2023-03-28 13:15:00,100.41,100.74,100.375,100.63,867602,GOOG
408,2023-03-28 13:00:00,100.26,100.41,100.25,100.4,752035,GOOG
409,2023-03-28 12:45:00,100.33,100.33,100.085,100.258,874028,GOOG
410,2023-03-28 12:30:00,100.74,100.7672,100.25,100.331,678614,GOOG
411,2023-03-28 12:15:00,100.8,100.9512,100.66,100.745,866514,GOOG
412,2023-03-28 12:00:00,100.68,100.82,100.571,100.8,886428,GOOG
413,2023-03-28 11:45:00,100.535,100.71,100.4701,100.68,703817,GOOG
414,2023-03-28 11:30:00,100.39,100.62,100.32,100.55,893164,GOOG
415,2023-03-28 11:15:00,99.77,100.4501,99.7401,100.385,1277612,GOOG
416,2023-03-28 11:00:00,100.17,100.3507,99.75,99.76,1342251,GOOG
417,2023-03-28 10:45:00,100.65,100.67,100.015,100.16,1409631,GOOG
418,2023-03-28 10:30:00,100.97,101.065,100.46,100.64,1019338,GOOG
419,2023-03-28 10:15:00,100.24,100.97,100.0514,100.97,1785255,GOOG
420,2023-03-28 10:00:00,100.13,100.64,100.005,100.24,1867221,GOOG
421,2023-03-28 09:45:00,102.44,102.45,99.74,100.125,3684662,GOOG
422,2023-03-28 09:30:00,101.74,102.44,101.65,102.43,61864,GOOG
423,2023-03-28 09:15:00,101.88,101.94,101.65,101.75,23635,GOOG
424,2023-03-28 09:00:00,101.82,101.93,101.73,101.9,21405,GOOG
425,2023-03-28 08:45:00,101.7292,101.85,101.65,101.8,20725,GOOG
426,2023-03-28 08:30:00,101.88,101.88,101.65,101.74,18808,GOOG
427,2023-03-28 08:15:00,101.69,102.46,101.6501,101.94,33831,GOOG
428,2023-03-28 08:00:00,102.0,102.08,101.79,101.86,9396,GOOG
429,2023-03-28 07:45:00,101.9,102.01,101.86,101.92,6727,GOOG
430,2023-03-28 07:30:00,101.76,101.96,101.76,101.9,15067,GOOG
431,2023-03-28 07:15:00,101.75,101.75,101.62,101.75,13989,GOOG
432,2023-03-28 07:00:00,101.5,101.65,101.5,101.65,13824,GOOG
433,2023-03-28 06:45:00,101.56,101.65,101.56,101.65,3792,GOOG
434,2023-03-28 06:30:00,101.75,101.78,101.51,101.57,88056,GOOG
435,2023-03-28 06:15:00,101.9,101.9,101.75,101.75,5496,GOOG
436,2023-03-28 06:00:00,101.83,101.83,101.82,101.83,740,GOOG
437,2023-03-28 05:45:00,101.92,101.96,101.9,101.9,633,GOOG
438,2023-03-28 05:30:00,101.86,101.89,101.86,101.89,1060,GOOG
439,2023-03-28 05:15:00,101.8,101.85,101.8,101.85,1964,GOOG
440,2023-03-28 04:45:00,101.76,101.76,101.68,101.68,678,GOOG
441,2023-03-28 04:30:00,101.66,101.82,101.65,101.82,1317,GOOG
442,2023-03-28 04:15:00,102.02,102.02,101.61,101.66,14750,GOOG
443,2023-03-27 20:00:00,102.35,102.6,102.35,102.6,3902,GOOG
444,2023-03-27 19:45:00,102.41,102.5799,102.41,102.5,3349,GOOG
445,2023-03-27 19:30:00,102.35,102.49,102.35,102.46,1612,GOOG
446,2023-03-27 19:15:00,102.48,102.5,102.42,102.47,3108,GOOG
447,2023-03-27 19:00:00,102.34,102.44,102.33,102.44,6766,GOOG
448,2023-03-27 18:45:00,102.42,102.42,102.32,102.32,1042,GOOG
449,2023-03-27 18:30:00,102.39,102.39,102.31,102.31,2731,GOOG
450,2023-03-27 18:15:00,102.36,102.42,102.32,102.41,3049,GOOG
451,2023-03-27 18:00:00,102.4,102.4558,102.4,102.4136,1138,GOOG
452,2023-03-27 17:45:00,102.3101,102.3101,102.3101,102.3101,1373,GOOG
453,2023-03-27 17:30:00,102.31,102.4,102.3,102.4,1212,GOOG
454,2023-03-27 17:15:00,102.37,102.37,102.31,102.31,1948,GOOG
455,2023-03-27 17:00:00,102.48,102.58,102.3,102.43,24086,GOOG
456,2023-03-27 16:45:00,102.48,102.58,102.48,102.48,8404,GOOG
457,2023-03-27 16:30:00,102.47,102.55,102.41,102.5,18963,GOOG
458,2023-03-27 16:15:00,102.46,102.66,102.26,102.529,1585192,GOOG
459,2023-03-27 16:00:00,102.825,102.835,102.27,102.5,2553055,GOOG
460,2023-03-27 15:45:00,103.13,103.135,102.77,102.83,927466,GOOG
461,2023-03-27 15:30:00,103.165,103.215,103.06,103.135,655767,GOOG
462,2023-03-27 15:15:00,103.175,103.33,103.13,103.17,818824,GOOG
463,2023-03-27 15:00:00,103.05,103.2,102.96,103.18,758695,GOOG
464,2023-03-27 14:45:00,103.01,103.23,103.0,103.045,573936,GOOG
465,2023-03-27 14:30:00,102.62,103.16,102.59,103.0,565124,GOOG
466,2023-03-27 14:15:00,102.54,102.625,102.385,102.6155,749171,GOOG
467,2023-03-27 14:00:00,102.865,102.95,102.515,102.54,608741,GOOG
468,2023-03-27 13:45:00,102.51,102.88,102.47,102.87,632311,GOOG
469,2023-03-27 13:30:00,102.045,102.535,101.9273,102.5099,627376,GOOG
470,2023-03-27 13:15:00,102.535,102.54,101.9401,102.04,1095429,GOOG
471,2023-03-27 13:00:00,102.68,102.82,102.465,102.54,394300,GOOG
472,2023-03-27 12:45:00,102.925,102.945,102.53,102.675,547612,GOOG
473,2023-03-27 12:30:00,102.345,102.95,102.27,102.92,797546,GOOG
474,2023-03-27 12:15:00,102.38,102.47,102.14,102.34,998824,GOOG
475,2023-03-27 12:00:00,102.825,102.8288,102.32,102.39,729051,GOOG
476,2023-03-27 11:45:00,103.15,103.23,102.64,102.82,585056,GOOG
477,2023-03-27 11:30:00,103.25,103.29,102.94,103.15,777782,GOOG
478,2023-03-27 11:15:00,103.265,103.54,102.735,103.2501,1022328,GOOG
479,2023-03-27 11:00:00,103.65,103.65,103.19,103.25,927613,GOOG
480,2023-03-27 10:45:00,103.705,103.71,103.01,103.65,1749355,GOOG
481,2023-03-27 10:30:00,104.2275,104.48,103.71,103.71,1073078,GOOG
482,2023-03-27 10:15:00,104.665,104.715,104.16,104.21,1163298,GOOG
483,2023-03-27 10:00:00,104.49,104.76,104.31,104.66,1476889,GOOG
484,2023-03-27 09:45:00,104.615,104.7,103.44,104.49,3045668,GOOG
485,2023-03-27 09:30:00,105.03,105.2805,104.49,104.57,78974,GOOG
486,2023-03-27 09:15:00,105.09,105.2,105.04,105.05,31865,GOOG
487,2023-03-27 09:00:00,105.4394,105.44,105.02,105.12,39926,GOOG
488,2023-03-27 08:45:00,105.36,105.43,105.23,105.41,9520,GOOG
489,2023-03-27 08:30:00,105.63,105.63,105.4,105.4,23585,GOOG
490,2023-03-27 08:15:00,105.68,105.8,105.177,105.63,27908,GOOG
491,2023-03-27 08:00:00,105.69,105.69,105.55,105.55,3080,GOOG
492,2023-03-27 07:45:00,105.73,105.8,105.54,105.55,19863,GOOG
493,2023-03-27 07:30:00,105.61,105.7,105.61,105.7,7690,GOOG
494,2023-03-27 07:15:00,105.45,105.62,105.28,105.62,29350,GOOG
495,2023-03-27 07:00:00,105.35,105.45,105.35,105.4,2242,GOOG
496,2023-03-27 06:45:00,105.4,105.4,105.4,105.4,266,GOOG
497,2023-03-27 06:15:00,105.37,105.44,105.37,105.44,1999,GOOG
498,2023-03-27 06:00:00,105.4,105.58,105.15,105.17,4519,GOOG
499,2023-03-27 05:30:00,105.37,105.41,105.35,105.37,2442,GOOG
500,2023-03-27 05:15:00,105.39,105.39,105.3,105.37,1814,GOOG
501,2023-03-27 05:00:00,105.55,105.6,105.53,105.57,1663,GOOG
502,2023-03-27 04:45:00,105.44,105.6,105.44,105.52,2019,GOOG
503,2023-03-27 04:30:00,105.35,105.42,105.32,105.32,2706,GOOG
504,2023-03-27 04:15:00,105.63,105.63,105.02,105.31,9758,GOOG
505,2023-03-24 20:00:00,105.74,105.78,105.62,105.62,7484,GOOG
506,2023-03-24 19:45:00,105.69,105.72,105.67,105.67,3184,GOOG
507,2023-03-24 19:30:00,105.63,105.67,105.63,105.64,1165,GOOG
508,2023-03-24 18:45:00,105.57,105.57,105.53,105.53,284,GOOG
509,2023-03-24 18:30:00,105.6,105.6,105.6,105.6,133,GOOG
510,2023-03-24 18:15:00,105.6,105.65,105.6,105.65,3258,GOOG
511,2023-03-24 18:00:00,105.57,105.57,105.51,105.51,3113,GOOG
512,2023-03-24 17:45:00,105.7074,105.7074,105.51,105.5107,2545,GOOG
513,2023-03-24 17:30:00,105.6,105.6,105.5,105.5,2897,GOOG
514,2023-03-24 17:15:00,105.6996,105.7,105.35,105.58,17068,GOOG
515,2023-03-24 17:00:00,105.62,105.74,105.62,105.65,9676,GOOG
516,2023-03-24 16:45:00,105.52,105.63,105.45,105.62,27918,GOOG
517,2023-03-24 16:30:00,105.44,105.55,105.44,105.5,27529,GOOG
518,2023-03-24 16:15:00,105.44,105.64,105.3,105.45,449975,GOOG
519,2023-03-24 16:00:00,105.24,105.49,105.04,105.47,3815621,GOOG
520,2023-03-24 15:45:00,105.3,105.385,105.05,105.245,883848,GOOG
521,2023-03-24 15:30:00,104.945,105.38,104.9155,105.305,913771,GOOG
522,2023-03-24 15:15:00,105.02,105.07,104.79,104.94,663354,GOOG
523,2023-03-24 15:00:00,105.06,105.2,104.96,105.01,615711,GOOG
524,2023-03-24 14:45:00,104.97,105.148,104.89,105.06,639860,GOOG
525,2023-03-24 14:30:00,104.98,105.0701,104.88,104.965,582802,GOOG
526,2023-03-24 14:15:00,104.89,105.015,104.6455,104.98,573827,GOOG
527,2023-03-24 14:00:00,104.96,104.965,104.7,104.89,514587,GOOG
528,2023-03-24 13:45:00,104.69,105.07,104.69,104.955,646692,GOOG
529,2023-03-24 13:30:00,104.59,104.855,104.46,104.695,686772,GOOG
530,2023-03-24 13:15:00,104.55,104.68,104.37,104.58,531976,GOOG
531,2023-03-24 13:00:00,104.725,104.84,104.535,104.56,482511,GOOG
532,2023-03-24 12:45:00,104.55,104.75,104.44,104.7209,604424,GOOG
533,2023-03-24 12:30:00,104.655,104.69,104.26,104.565,578629,GOOG
534,2023-03-24 12:15:00,105.145,105.26,104.55,104.67,722080,GOOG
535,2023-03-24 12:00:00,104.75,105.36,104.75,105.15,1282760,GOOG
536,2023-03-24 11:45:00,104.39,104.87,104.235,104.75,751907,GOOG
537,2023-03-24 11:30:00,104.43,104.6301,103.84,104.39,1156090,GOOG
538,2023-03-24 11:15:00,104.92,105.095,104.295,104.435,1420371,GOOG
539,2023-03-24 11:00:00,104.7,104.93,104.6,104.91,1062329,GOOG
540,2023-03-24 10:45:00,104.99,105.1599,104.62,104.6901,849122,GOOG
541,2023-03-24 10:30:00,104.72,105.04,104.49,104.98,935422,GOOG
542,2023-03-24 10:15:00,105.035,105.185,104.44,104.73,1329175,GOOG
543,2023-03-24 10:00:00,104.56,105.21,104.29,105.035,1686136,GOOG
544,2023-03-24 09:45:00,104.99,105.326,104.41,104.58,2276063,GOOG
545,2023-03-24 09:30:00,104.89,105.0,104.33,104.97,69885,GOOG
546,2023-03-24 09:15:00,104.77,104.88,104.6603,104.88,16871,GOOG
547,2023-03-24 09:00:00,104.7,105.0,104.69,104.73,36774,GOOG
548,2023-03-24 08:45:00,104.84,104.87,104.61,104.74,39069,GOOG
549,2023-03-24 08:30:00,104.62,104.83,104.49,104.83,19310,GOOG
550,2023-03-24 08:15:00,105.22,105.63,104.31,104.62,43820,GOOG
551,2023-03-24 08:00:00,104.92,104.92,104.59,104.62,9317,GOOG
552,2023-03-24 07:45:00,105.0,105.11,104.96,104.96,9581,GOOG
553,2023-03-24 07:30:00,104.96,105.0,104.9,104.97,6186,GOOG
554,2023-03-24 07:15:00,105.03,105.15,104.9,104.98,18658,GOOG
555,2023-03-24 07:00:00,105.15,105.31,105.1,105.1,3912,GOOG
556,2023-03-24 06:45:00,105.21,105.27,105.07,105.09,4474,GOOG
557,2023-03-24 06:30:00,104.99,105.42,104.98,105.11,10990,GOOG
558,2023-03-24 06:15:00,105.17,105.18,104.89,105.05,6769,GOOG
559,2023-03-24 06:00:00,105.04,105.12,104.94,105.12,7973,GOOG
560,2023-03-24 05:45:00,105.05,105.08,105.02,105.02,1552,GOOG
561,2023-03-24 05:30:00,105.32,105.32,105.11,105.29,4410,GOOG
562,2023-03-24 05:15:00,105.37,105.49,105.31,105.33,6452,GOOG
563,2023-03-24 05:00:00,105.18,105.36,105.06,105.36,6984,GOOG
564,2023-03-24 04:45:00,105.54,105.54,105.15,105.17,4185,GOOG
565,2023-03-24 04:30:00,105.34,105.64,105.28,105.47,9596,GOOG
566,2023-03-24 04:15:00,105.1,105.58,105.06,105.07,5458,GOOG
567,2023-03-23 20:00:00,105.33,105.47,105.33,105.38,4604,GOOG
568,2023-03-23 19:45:00,105.37,105.47,105.25,105.3599,2159,GOOG
569,2023-03-23 19:30:00,105.21,105.35,105.2,105.2601,4713,GOOG
570,2023-03-23 19:15:00,105.15,105.27,105.14,105.2,6532,GOOG
571,2023-03-23 19:00:00,105.11,105.17,105.09,105.15,2223,GOOG
572,2023-03-23 18:45:00,105.17,105.3,105.07,105.09,5171,GOOG
573,2023-03-23 18:30:00,105.39,105.39,105.08,105.15,5953,GOOG
574,2023-03-23 18:15:00,105.5,105.5,105.42,105.42,4146,GOOG
575,2023-03-23 18:00:00,105.4699,105.5999,105.4699,105.5999,7707,GOOG
576,2023-03-23 17:45:00,105.41,105.45,105.38,105.38,2755,GOOG
577,2023-03-23 17:30:00,105.45,105.6,105.38,105.4,91795,GOOG
578,2023-03-23 17:15:00,105.43,105.5,105.43,105.5,1044,GOOG
579,2023-03-23 17:00:00,105.52,105.6,105.43,105.45,21623,GOOG
580,2023-03-23 16:45:00,105.19,105.6,105.18,105.52,43850,GOOG
581,2023-03-23 16:30:00,105.15,105.6,105.07,105.2,19937,GOOG
582,2023-03-23 16:15:00,105.53,105.6,105.07,105.24,738807,GOOG
583,2023-03-23 16:00:00,105.61,106.2,105.35,105.47,4568010,GOOG
584,2023-03-23 15:45:00,105.51,105.77,105.29,105.62,1646372,GOOG
585,2023-03-23 15:30:00,105.555,105.68,104.995,105.52,1658470,GOOG
586,2023-03-23 15:15:00,105.51,106.1,105.345,105.55,2139483,GOOG
587,2023-03-23 15:00:00,104.88,105.53,104.82,105.51,1472759,GOOG
588,2023-03-23 14:45:00,105.235,105.58,104.83,104.88,1652206,GOOG
589,2023-03-23 14:30:00,105.705,105.74,105.194,105.235,1004044,GOOG
590,2023-03-23 14:15:00,105.675,105.82,105.435,105.705,926204,GOOG
591,2023-03-23 14:00:00,106.0247,106.05,105.605,105.67,737674,GOOG
592,2023-03-23 13:45:00,105.78,106.09,105.725,106.02,884176,GOOG
593,2023-03-23 13:30:00,105.71,105.935,105.415,105.785,1248170,GOOG
594,2023-03-23 13:15:00,105.95,106.0,105.61,105.71,1089793,GOOG
595,2023-03-23 13:00:00,105.94,106.095,105.875,105.95,780049,GOOG
596,2023-03-23 12:45:00,106.19,106.23,105.825,105.94,946948,GOOG
597,2023-03-23 12:30:00,105.965,106.19,105.6801,106.19,786782,GOOG
598,2023-03-23 12:15:00,105.9,106.155,105.81,105.96,795151,GOOG
599,2023-03-23 12:00:00,105.71,106.08,105.54,105.905,575742,GOOG
600,2023-03-23 11:45:00,105.64,106.03,105.64,105.72,796986,GOOG
601,2023-03-23 11:30:00,105.91,105.95,105.56,105.635,982981,GOOG
602,2023-03-23 11:15:00,105.95,106.0764,105.9,105.9036,1009318,GOOG
603,2023-03-23 11:00:00,106.015,106.3,105.83,105.94,1337450,GOOG
604,2023-03-23 10:45:00,105.75,106.05,105.685,106.01,1175191,GOOG
605,2023-03-23 10:30:00,106.015,106.18,105.7318,105.75,1451978,GOOG
606,2023-03-23 10:15:00,105.165,106.1106,105.16,106.0133,1919453,GOOG
607,2023-03-23 10:00:00,105.04,105.3322,104.78,105.17,1293853,GOOG
608,2023-03-23 09:45:00,105.06,105.44,104.46,105.052,2339307,GOOG
609,2023-03-23 09:30:00,104.47,105.04,104.25,105.01,112756,GOOG
610,2023-03-23 09:15:00,104.28,104.61,104.09,104.5,58460,GOOG
611,2023-03-23 09:00:00,104.6,104.68,104.2,104.28,35193,GOOG
612,2023-03-23 08:45:00,104.2,104.62,104.09,104.55,65681,GOOG
613,2023-03-23 08:30:00,104.04,104.27,104.03,104.19,9678,GOOG
614,2023-03-23 08:15:00,104.1102,104.54,103.112,104.0,72794,GOOG
615,2023-03-23 08:00:00,104.17,104.37,104.12,104.12,14003,GOOG
616,2023-03-23 07:45:00,104.03,104.24,104.03,104.17,4609,GOOG
617,2023-03-23 07:30:00,104.26,104.35,104.03,104.04,11658,GOOG
618,2023-03-23 07:15:00,104.2,104.25,104.1,104.14,15582,GOOG
619,2023-03-23 07:00:00,104.1,104.28,104.05,104.2,4997,GOOG
620,2023-03-23 06:45:00,104.04,104.12,104.0,104.07,1481,GOOG
621,2023-03-23 06:30:00,104.23,104.23,104.0,104.12,9968,GOOG
622,2023-03-23 06:15:00,104.36,104.37,104.3,104.37,1173,GOOG
623,2023-03-23 06:00:00,104.14,104.3,104.14,104.3,6485,GOOG
624,2023-03-23 05:45:00,104.12,104.27,104.12,104.16,2872,GOOG
625,2023-03-23 05:30:00,104.24,104.33,104.12,104.19,2037,GOOG
626,2023-03-23 05:15:00,104.25,104.3,104.1,104.28,8444,GOOG
627,2023-03-23 05:00:00,104.45,104.55,104.2,104.33,19091,GOOG
628,2023-03-23 04:45:00,104.34,104.45,104.2,104.45,3787,GOOG
629,2023-03-23 04:30:00,104.15,104.48,104.15,104.34,6174,GOOG
630,2023-03-23 04:15:00,104.36,104.36,103.94,104.13,5858,GOOG
631,2023-03-22 20:00:00,103.31,103.44,103.27,103.4,6584,GOOG
632,2023-03-22 19:45:00,103.3,103.3,103.26,103.26,737,GOOG
633,2023-03-22 19:30:00,103.29,103.37,103.0,103.37,6222,GOOG
634,2023-03-22 19:15:00,103.41,103.41,103.26,103.29,6435,GOOG
635,2023-03-22 19:00:00,103.43,103.43,103.32,103.41,9089,GOOG
636,2023-03-22 18:45:00,103.25,103.5,103.25,103.43,18618,GOOG
637,2023-03-22 18:30:00,103.35,103.35,103.2,103.29,7024,GOOG
638,2023-03-22 18:15:00,103.21,103.37,103.17,103.34,9243,GOOG
639,2023-03-22 18:00:00,103.3474,103.3474,103.3,103.3,5783,GOOG
640,2023-03-22 17:45:00,103.21,103.3491,103.18,103.3491,9316,GOOG
641,2023-03-22 17:30:00,103.17,103.22,103.14,103.22,5877,GOOG
642,2023-03-22 17:15:00,103.1995,103.25,103.16,103.16,12620,GOOG
643,2023-03-22 17:00:00,103.1,103.17,103.0214,103.16,72116,GOOG
644,2023-03-22 16:45:00,103.02,103.37,103.02,103.06,49749,GOOG
645,2023-03-22 16:30:00,103.04,103.3394,102.96,102.9843,44401,GOOG
646,2023-03-22 16:15:00,103.41,103.45,102.96,103.07,482609,GOOG
647,2023-03-22 16:00:00,104.83,104.84,103.33,103.34,3684949,GOOG
648,2023-03-22 15:45:00,105.65,105.71,104.805,104.825,1669211,GOOG
649,2023-03-22 15:30:00,105.35,106.33,105.35,105.65,1626813,GOOG
650,2023-03-22 15:15:00,105.315,105.515,104.55,105.34,2366126,GOOG
651,2023-03-22 15:00:00,106.12,106.59,105.21,105.31,1929936,GOOG
652,2023-03-22 14:45:00,105.625,106.2,104.45,106.13,2591615,GOOG
653,2023-03-22 14:30:00,105.36,105.68,105.0276,105.61,1748786,GOOG
654,2023-03-22 14:15:00,105.24,106.3,105.13,105.355,2647576,GOOG
655,2023-03-22 14:00:00,105.2933,105.4,105.11,105.23,997224,GOOG
656,2023-03-22 13:45:00,105.3,105.34,105.17,105.2964,451497,GOOG
657,2023-03-22 13:30:00,105.25,105.39,105.1301,105.2966,558949,GOOG
658,2023-03-22 13:15:00,105.39,105.395,104.98,105.245,846796,GOOG
659,2023-03-22 13:00:00,105.055,105.42,105.0209,105.38,1117444,GOOG
660,2023-03-22 12:45:00,105.0974,105.18,104.92,105.06,1035472,GOOG
661,2023-03-22 12:30:00,105.13,105.17,104.96,105.095,1155686,GOOG
662,2023-03-22 12:15:00,105.705,105.78,105.05,105.145,1228619,GOOG
663,2023-03-22 12:00:00,105.725,106.13,105.66,105.705,1352346,GOOG
664,2023-03-22 11:45:00,105.6399,105.8999,105.58,105.7224,1272060,GOOG
665,2023-03-22 11:30:00,105.3,105.66,105.285,105.635,1053695,GOOG
666,2023-03-22 11:15:00,104.875,105.325,104.81,105.3101,1005208,GOOG
667,2023-03-22 11:00:00,104.885,104.96,104.635,104.8894,824687,GOOG
668,2023-03-22 10:45:00,104.915,105.13,104.54,104.885,1214733,GOOG
669,2023-03-22 10:30:00,104.35,104.99,104.2683,104.92,1150971,GOOG
670,2023-03-22 10:15:00,104.77,104.99,104.23,104.36,1212330,GOOG
671,2023-03-22 10:00:00,104.725,104.91,104.31,104.77,1801228,GOOG
672,2023-03-22 09:45:00,104.27,104.79,103.67,104.7301,3249945,GOOG
673,2023-03-22 09:30:00,103.5,104.33,103.47,104.2,164597,GOOG
674,2023-03-22 09:15:00,103.25,103.5,103.14,103.5,42446,GOOG
675,2023-03-22 09:00:00,103.35,103.44,103.14,103.26,62675,GOOG
676,2023-03-22 08:45:00,103.27,103.42,103.25,103.34,29070,GOOG
677,2023-03-22 08:30:00,103.35,103.47,103.1,103.2601,43026,GOOG
678,2023-03-22 08:15:00,103.9353,104.4,103.31,103.37,71414,GOOG
679,2023-03-22 08:00:00,103.42,103.59,103.3,103.5,25399,GOOG
680,2023-03-22 07:45:00,103.8,103.8,103.44,103.55,30564,GOOG
681,2023-03-22 07:30:00,103.85,103.91,103.8,103.86,9463,GOOG
682,2023-03-22 07:15:00,103.95,104.01,103.83,103.89,15892,GOOG
683,2023-03-22 07:00:00,103.88,104.08,103.84,103.95,17680,GOOG
684,2023-03-22 06:45:00,103.85,103.85,103.82,103.83,2995,GOOG
685,2023-03-22 06:30:00,103.82,103.91,103.82,103.91,5748,GOOG
686,2023-03-22 06:15:00,103.85,103.86,103.72,103.82,5572,GOOG
687,2023-03-22 06:00:00,103.86,103.87,103.77,103.77,2973,GOOG
688,2023-03-22 05:45:00,103.95,103.97,103.88,103.88,6819,GOOG
689,2023-03-22 05:30:00,103.9,103.95,103.89,103.95,3993,GOOG
690,2023-03-22 05:15:00,103.77,103.89,103.77,103.82,2977,GOOG
691,2023-03-22 05:00:00,103.87,103.97,103.84,103.84,6344,GOOG
692,2023-03-22 04:45:00,103.84,103.94,103.84,103.94,2966,GOOG
693,2023-03-22 04:30:00,103.8,103.85,103.76,103.8,4714,GOOG
694,2023-03-22 04:15:00,103.86,104.0,103.8,103.81,8044,GOOG
695,2023-03-21 20:00:00,104.28,104.33,104.18,104.18,8588,GOOG
696,2023-03-21 19:45:00,104.36,104.36,104.17,104.26,6907,GOOG
697,2023-03-21 19:30:00,104.38,104.45,104.3,104.34,10571,GOOG
698,2023-03-21 19:15:00,104.38,104.39,104.19,104.35,3501,GOOG
699,2023-03-21 19:00:00,104.31,104.38,104.2,104.35,5074,GOOG
700,2023-03-21 18:45:00,104.39,104.46,104.39,104.39,2609,GOOG
701,2023-03-21 18:30:00,104.26,104.45,104.25,104.32,4679,GOOG
702,2023-03-21 18:15:00,104.51,104.51,104.2,104.24,15231,GOOG
703,2023-03-21 18:00:00,104.62,104.63,104.47,104.47,5620,GOOG
704,2023-03-21 17:45:00,104.65,104.66,104.62,104.66,2634,GOOG
705,2023-03-21 17:30:00,104.61,104.64,104.58,104.6,5251,GOOG
706,2023-03-21 17:15:00,104.63,104.63,104.6,104.6,4134,GOOG
707,2023-03-21 17:00:00,104.66,104.92,104.6,104.62,13249,GOOG
708,2023-03-21 16:45:00,104.69,104.73,104.6386,104.66,29049,GOOG
709,2023-03-21 16:30:00,104.6,104.92,104.5215,104.74,32429,GOOG
710,2023-03-21 16:15:00,104.92,104.92,104.0,104.5577,949072,GOOG
711,2023-03-21 16:00:00,105.005,105.065,104.71,104.91,3699776,GOOG
712,2023-03-21 15:45:00,104.57,105.075,104.56,105.0,1746300,GOOG
713,2023-03-21 15:30:00,104.515,104.7033,104.4,104.565,1065290,GOOG
714,2023-03-21 15:15:00,104.42,104.64,104.35,104.515,1002395,GOOG
715,2023-03-21 15:00:00,104.16,104.515,104.14,104.42,1036652,GOOG
716,2023-03-21 14:45:00,104.36,104.44,104.01,104.165,965055,GOOG
717,2023-03-21 14:30:00,104.22,104.355,103.84,104.355,1468159,GOOG
718,2023-03-21 14:15:00,104.505,104.53,104.19,104.22,1956877,GOOG
719,2023-03-21 14:00:00,104.84,104.93,104.5,104.5101,1416280,GOOG
720,2023-03-21 13:45:00,104.84,105.1,104.74,104.8344,1402645,GOOG
721,2023-03-21 13:30:00,104.53,104.87,104.51,104.84,1235540,GOOG
722,2023-03-21 13:15:00,104.29,104.55,104.23,104.5,1099260,GOOG
723,2023-03-21 13:00:00,104.145,104.45,104.01,104.29,1160906,GOOG
724,2023-03-21 12:45:00,103.925,104.235,103.92,104.14,1076681,GOOG
725,2023-03-21 12:30:00,103.62,103.94,103.5,103.9225,1189546,GOOG
726,2023-03-21 12:15:00,103.22,103.66,103.1,103.615,1276863,GOOG
727,2023-03-21 12:00:00,102.965,103.43,102.651,103.225,1335940,GOOG
728,2023-03-21 11:45:00,102.815,103.14,102.81,102.96,1424667,GOOG
729,2023-03-21 11:30:00,102.735,102.83,102.62,102.815,827039,GOOG
730,2023-03-21 11:15:00,102.28,102.74,102.23,102.74,887572,GOOG
731,2023-03-21 11:00:00,102.855,102.98,102.08,102.285,1092663,GOOG
732,2023-03-21 10:45:00,102.415,102.9,102.27,102.86,1293061,GOOG
733,2023-03-21 10:30:00,102.7,103.16,102.37,102.4175,1476717,GOOG
734,2023-03-21 10:15:00,102.39,103.07,102.21,102.7005,2320649,GOOG
735,2023-03-21 10:00:00,101.62,102.42,101.5,102.376,1249848,GOOG
736,2023-03-21 09:45:00,101.25,102.11,101.22,101.62,1788845,GOOG
737,2023-03-21 09:30:00,101.14,101.27,101.0,101.25,35119,GOOG
738,2023-03-21 09:15:00,101.2,101.35,101.15,101.15,41341,GOOG
739,2023-03-21 09:00:00,101.28,101.28,101.14,101.17,29036,GOOG
740,2023-03-21 08:45:00,101.46,101.46,101.26,101.26,37580,GOOG
741,2023-03-21 08:30:00,101.4,101.5399,101.4,101.46,23954,GOOG
742,2023-03-21 08:15:00,101.38,101.9,100.82,101.4,91273,GOOG
743,2023-03-21 08:00:00,101.63,101.92,101.56,101.81,34952,GOOG
744,2023-03-21 07:45:00,101.56,101.71,101.56,101.71,18989,GOOG
745,2023-03-21 07:30:00,101.35,101.6,101.26,101.6,9444,GOOG
746,2023-03-21 07:15:00,101.29,101.43,101.29,101.32,9327,GOOG
747,2023-03-21 07:00:00,101.28,101.32,101.28,101.32,2796,GOOG
748,2023-03-21 06:45:00,101.27,101.35,101.25,101.29,4422,GOOG
749,2023-03-21 06:30:00,101.1,101.48,101.1,101.33,11839,GOOG
750,2023-03-21 06:15:00,101.09,101.1,101.06,101.1,2650,GOOG
751,2023-03-21 06:00:00,101.04,101.04,100.83,101.0,5472,GOOG
752,2023-03-21 05:45:00,101.06,101.07,100.97,101.01,3091,GOOG
753,2023-03-21 05:30:00,101.12,101.16,101.01,101.01,2349,GOOG
754,2023-03-21 05:15:00,101.15,101.15,101.11,101.11,802,GOOG
755,2023-03-21 05:00:00,101.25,101.26,101.25,101.26,1046,GOOG
756,2023-03-21 04:45:00,101.38,101.38,101.28,101.28,1576,GOOG
757,2023-03-21 04:30:00,101.4,101.45,101.28,101.37,3207,GOOG
758,2023-03-21 04:15:00,101.12,101.16,101.01,101.1,5328,GOOG
759,2023-03-20 20:00:00,101.11,101.17,101.08,101.17,9259,GOOG
760,2023-03-20 19:45:00,101.15,101.18,101.11,101.18,2163,GOOG
761,2023-03-20 19:30:00,101.24,101.24,101.18,101.18,2118,GOOG
762,2023-03-20 19:15:00,101.3,101.3,101.26,101.26,1559,GOOG
763,2023-03-20 19:00:00,101.35,101.38,101.22,101.31,3600,GOOG
764,2023-03-20 18:45:00,101.34,101.39,101.34,101.37,2724,GOOG
765,2023-03-20 18:30:00,101.33,101.3699,101.33,101.3699,1624,GOOG
766,2023-03-20 18:15:00,101.35,101.35,101.22,101.34,4203,GOOG
767,2023-03-20 18:00:00,101.32,101.35,101.32,101.34,623,GOOG
768,2023-03-20 17:45:00,101.2977,101.3,101.29,101.3,448,GOOG
769,2023-03-20 17:30:00,101.3201,101.34,101.3,101.3,9289,GOOG
770,2023-03-20 17:15:00,101.35,101.4,101.3201,101.3201,1475,GOOG
771,2023-03-20 17:00:00,101.26,101.45,101.23,101.41,16309,GOOG
772,2023-03-20 16:45:00,101.24,101.33,101.23,101.26,4432,GOOG
773,2023-03-20 16:30:00,101.28,101.35,101.22,101.23,7898,GOOG
774,2023-03-20 16:15:00,101.21,101.33,101.01,101.33,1999869,GOOG
775,2023-03-20 16:00:00,101.08,101.37,101.05,101.27,2951454,GOOG
776,2023-03-20 15:45:00,101.1,101.2,101.0,101.085,905353,GOOG
777,2023-03-20 15:30:00,101.19,101.32,101.085,101.11,854836,GOOG
778,2023-03-20 15:15:00,101.26,101.39,101.18,101.19,597284,GOOG
779,2023-03-20 15:00:00,101.15,101.49,101.115,101.27,820460,GOOG
780,2023-03-20 14:45:00,101.17,101.2169,100.94,101.15,610428,GOOG
781,2023-03-20 14:30:00,101.04,101.3,100.955,101.165,647663,GOOG
782,2023-03-20 14:15:00,101.15,101.21,100.91,101.035,497800,GOOG
783,2023-03-20 14:00:00,101.19,101.2,101.0,101.16,411084,GOOG
784,2023-03-20 13:45:00,100.9058,101.2,100.78,101.19,492873,GOOG
785,2023-03-20 13:30:00,101.2,101.25,100.89,100.9199,369110,GOOG
786,2023-03-20 13:15:00,101.19,101.4,101.09,101.2,535827,GOOG
787,2023-03-20 13:00:00,100.86,101.27,100.805,101.16,565104,GOOG
788,2023-03-20 12:45:00,101.01,101.11,100.81,100.835,575525,GOOG
789,2023-03-20 12:30:00,100.83,101.03,100.79,101.0076,493396,GOOG
790,2023-03-20 12:15:00,100.965,101.13,100.61,100.82,771325,GOOG
791,2023-03-20 12:00:00,101.61,101.655,100.94,100.97,975760,GOOG
792,2023-03-20 11:45:00,101.68,101.72,101.42,101.605,830211,GOOG
793,2023-03-20 11:30:00,101.33,101.75,101.205,101.67,916521,GOOG
794,2023-03-20 11:15:00,101.28,101.475,101.135,101.335,1672702,GOOG
795,2023-03-20 11:00:00,100.77,101.3,100.65,101.275,1383096,GOOG
796,2023-03-20 10:45:00,100.555,100.795,100.24,100.775,1130147,GOOG
797,2023-03-20 10:30:00,100.49,100.8505,100.4,100.55,958574,GOOG
798,2023-03-20 10:15:00,100.17,100.91,100.15,100.505,1440891,GOOG
799,2023-03-20 10:00:00,100.53,100.635,99.87,100.17,2058975,GOOG
800,2023-03-20 09:45:00,100.12,100.93,100.0,100.52,3882596,GOOG
801,2023-03-20 09:30:00,100.66,100.69,99.95,100.11,137802,GOOG
802,2023-03-20 09:15:00,100.9,100.91,100.57,100.7,53831,GOOG
803,2023-03-20 09:00:00,100.82,101.21,100.8,100.88,65574,GOOG
804,2023-03-20 08:45:00,100.77,101.14,100.75,100.8,49023,GOOG
805,2023-03-20 08:30:00,100.3101,100.86,100.3,100.77,27072,GOOG
806,2023-03-20 08:15:00,100.85,101.54,100.0233,100.372,69144,GOOG
807,2023-03-20 08:00:00,100.29,100.59,100.23,100.54,17475,GOOG
808,2023-03-20 07:45:00,100.56,100.65,100.24,100.27,11380,GOOG
809,2023-03-20 07:30:00,100.63,100.63,99.95,100.44,49384,GOOG
810,2023-03-20 07:15:00,100.8,100.95,100.6,100.63,21264,GOOG
811,2023-03-20 07:00:00,100.99,100.99,100.72,100.8,7740,GOOG
812,2023-03-20 06:45:00,100.76,101.0,100.74,101.0,2982,GOOG
813,2023-03-20 06:30:00,100.99,101.0,100.9,100.9,2701,GOOG
814,2023-03-20 06:15:00,101.0,101.25,100.94,101.05,13979,GOOG
815,2023-03-20 06:00:00,100.83,101.04,100.83,101.0,1729,GOOG
816,2023-03-20 05:45:00,100.93,101.13,100.8,100.8,8795,GOOG
817,2023-03-20 05:30:00,100.7,100.77,100.69,100.77,5919,GOOG
818,2023-03-20 05:15:00,100.95,101.15,100.83,100.83,7239,GOOG
819,2023-03-20 05:00:00,100.6,101.2,100.6,100.81,12506,GOOG
820,2023-03-20 04:45:00,100.24,100.66,100.14,100.6,13104,GOOG
821,2023-03-20 04:30:00,100.61,100.61,100.17,100.2,15872,GOOG
822,2023-03-20 04:15:00,100.29,101.0,100.11,100.81,20973,GOOG
823,2023-03-17 20:00:00,101.3001,101.34,101.2,101.2,5776,GOOG
824,2023-03-17 19:45:00,101.38,101.38,101.3,101.3,2983,GOOG
825,2023-03-17 19:30:00,101.35,101.44,101.3,101.44,1304,GOOG
826,2023-03-17 19:15:00,101.39,101.39,101.3,101.36,1864,GOOG
827,2023-03-17 19:00:00,101.44,101.45,101.3,101.3,11001,GOOG
828,2023-03-17 18:45:00,101.29,101.45,101.25,101.33,3684,GOOG
829,2023-03-17 18:30:00,101.29,101.3,101.2,101.21,2766,GOOG
830,2023-03-17 18:15:00,101.22,101.29,101.22,101.28,2532,GOOG
831,2023-03-17 18:00:00,101.21,101.35,101.21,101.33,4994,GOOG
832,2023-03-17 17:45:00,101.31,101.62,101.21,101.3,17618,GOOG
833,2023-03-17 17:30:00,101.2,101.34,101.16,101.1656,3704,GOOG
834,2023-03-17 17:15:00,101.17,101.62,101.1625,101.1625,36618,GOOG
835,2023-03-17 17:00:00,101.3201,101.34,101.15,101.15,19889,GOOG
836,2023-03-17 16:45:00,101.41,101.62,101.3,101.353,53570,GOOG
837,2023-03-17 16:30:00,101.61,101.6301,101.43,101.44,172754,GOOG
838,2023-03-17 16:15:00,101.62,101.78,101.53,101.6015,3828003,GOOG
839,2023-03-17 16:00:00,101.43,101.785,101.2175,101.64,3788671,GOOG
840,2023-03-17 15:45:00,101.55,101.55,101.2,101.435,1568716,GOOG
841,2023-03-17 15:30:00,101.23,101.58,101.115,101.55,1265104,GOOG
842,2023-03-17 15:15:00,101.15,101.31,101.0,101.23,1087248,GOOG
843,2023-03-17 15:00:00,101.2,101.31,100.93,101.14,862715,GOOG
844,2023-03-17 14:45:00,101.27,101.28,101.08,101.205,762847,GOOG
845,2023-03-17 14:30:00,101.5,101.65,101.25,101.27,834134,GOOG
846,2023-03-17 14:15:00,101.82,101.93,101.42,101.49,1113595,GOOG
847,2023-03-17 14:00:00,101.93,102.05,101.68,101.82,879998,GOOG
848,2023-03-17 13:45:00,101.65,101.96,101.56,101.94,1274980,GOOG
849,2023-03-17 13:30:00,101.7084,101.83,101.52,101.66,588620,GOOG
850,2023-03-17 13:15:00,101.435,101.73,101.36,101.71,477479,GOOG
851,2023-03-17 13:00:00,101.6,101.89,101.385,101.43,816199,GOOG
852,2023-03-17 12:45:00,101.4,101.86,101.4,101.6,1184453,GOOG
853,2023-03-17 12:30:00,101.25,101.465,101.07,101.39,948667,GOOG
854,2023-03-17 12:15:00,101.12,101.52,101.06,101.27,886495,GOOG
855,2023-03-17 12:00:00,100.6,101.2013,100.51,101.115,1115461,GOOG
856,2023-03-17 11:45:00,100.857,101.01,100.32,100.59,1101762,GOOG
857,2023-03-17 11:30:00,101.36,101.75,100.75,100.855,1169177,GOOG
858,2023-03-17 11:15:00,101.58,101.655,101.28,101.36,1336307,GOOG
859,2023-03-17 11:00:00,100.92,101.66,100.72,101.57,1615682,GOOG
860,2023-03-17 10:45:00,101.495,101.76,100.82,100.93,2012092,GOOG
861,2023-03-17 10:30:00,102.0,102.3,101.23,101.49,2486546,GOOG
862,2023-03-17 10:15:00,102.26,102.835,101.99,102.0,2837700,GOOG
863,2023-03-17 10:00:00,101.21,102.45,101.1,102.26,3294597,GOOG
864,2023-03-17 09:45:00,100.26,101.88,100.1,101.2,10160963,GOOG
865,2023-03-17 09:30:00,99.6287,100.78,99.3403,100.33,428526,GOOG
866,2023-03-17 09:15:00,99.29,99.75,99.23,99.6385,61952,GOOG
867,2023-03-17 09:00:00,99.3499,99.46,99.22,99.3,33764,GOOG
868,2023-03-17 08:45:00,99.2,99.43,99.17,99.39,31624,GOOG
869,2023-03-17 08:30:00,99.7,99.72,99.19,99.21,46447,GOOG
870,2023-03-17 08:15:00,99.73,100.65,99.56,99.7,72626,GOOG
871,2023-03-17 08:00:00,99.67,99.84,99.64,99.77,13318,GOOG
872,2023-03-17 07:45:00,99.57,99.68,99.57,99.67,9720,GOOG
873,2023-03-17 07:30:00,99.72,99.72,99.56,99.61,5290,GOOG
874,2023-03-17 07:15:00,99.69,99.76,99.68,99.72,10046,GOOG
875,2023-03-17 07:00:00,99.89,99.89,99.59,99.65,12119,GOOG
876,2023-03-17 06:45:00,99.97,99.97,99.87,99.87,976,GOOG
877,2023-03-17 06:30:00,99.85,100.01,99.85,100.01,2403,GOOG
878,2023-03-17 06:15:00,100.12,100.12,100.12,100.12,1239,GOOG
879,2023-03-17 06:00:00,100.08,100.25,100.08,100.25,826,GOOG
880,2023-03-17 05:45:00,99.93,100.2,99.91,100.2,6979,GOOG
881,2023-03-17 05:30:00,100.12,100.12,99.96,99.96,5889,GOOG
882,2023-03-17 05:15:00,100.31,100.31,100.17,100.19,4588,GOOG
883,2023-03-17 05:00:00,100.02,100.42,100.02,100.11,12666,GOOG
884,2023-03-17 04:45:00,100.34,100.35,100.02,100.02,5502,GOOG
885,2023-03-17 04:30:00,100.49,100.49,100.31,100.47,6281,GOOG
886,2023-03-17 04:15:00,99.03,100.49,99.03,100.26,8538,GOOG
887,2023-03-16 20:00:00,100.0,100.22,99.99,100.03,23580,GOOG
888,2023-03-16 19:45:00,100.0,100.0,99.95,99.95,1739,GOOG
889,2023-03-16 19:30:00,99.99,100.09,99.93,99.93,3138,GOOG
890,2023-03-16 19:15:00,99.98,99.99,99.85,99.99,5999,GOOG
891,2023-03-16 19:00:00,99.75,99.99,99.75,99.98,3505,GOOG
892,2023-03-16 18:45:00,99.87,99.87,99.5,99.73,20377,GOOG
893,2023-03-16 18:30:00,99.93,100.05,99.8,99.86,10153,GOOG
894,2023-03-16 18:15:00,100.2,100.2,99.9,100.0,9792,GOOG
895,2023-03-16 18:00:00,100.1896,100.2,100.13,100.14,4499,GOOG
896,2023-03-16 17:45:00,100.11,100.18,100.11,100.18,4886,GOOG
897,2023-03-16 17:30:00,100.19,100.2,100.0801,100.11,57451,GOOG
898,2023-03-16 17:15:00,100.25,100.27,100.14,100.2,8399,GOOG
899,2023-03-16 17:00:00,99.9,100.25,99.85,100.25,30859,GOOG
900,2023-03-16 16:45:00,100.1106,100.32,99.94,99.95,97589,GOOG
901,2023-03-16 16:30:00,100.5501,100.5501,100.03,100.14,418964,GOOG
902,2023-03-16 16:15:00,100.32,100.37,100.22,100.29,1799920,GOOG
903,2023-03-16 16:00:00,100.47,100.51,99.98,100.33,4903180,GOOG
904,2023-03-16 15:45:00,100.97,100.98,100.46,100.48,2304708,GOOG
905,2023-03-16 15:30:00,100.89,101.19,100.793,100.97,2916249,GOOG
906,2023-03-16 15:15:00,100.81,101.18,100.78,100.89,2312100,GOOG
907,2023-03-16 15:00:00,100.765,100.8499,100.46,100.8,1449269,GOOG
908,2023-03-16 14:45:00,100.7001,100.82,100.41,100.76,1207702,GOOG
909,2023-03-16 14:30:00,100.55,100.73,100.46,100.71,1150069,GOOG
910,2023-03-16 14:15:00,100.3,100.58,100.235,100.555,933872,GOOG
911,2023-03-16 14:00:00,100.52,100.56,100.26,100.31,1096230,GOOG
912,2023-03-16 13:45:00,100.485,100.65,100.3983,100.53,1218894,GOOG
913,2023-03-16 13:30:00,100.395,100.7,100.12,100.4947,1714988,GOOG
914,2023-03-16 13:15:00,100.355,100.5,100.29,100.4,1483831,GOOG
915,2023-03-16 13:00:00,100.04,100.42,99.94,100.355,1954188,GOOG
916,2023-03-16 12:45:00,99.82,100.065,99.72,100.045,1506149,GOOG
917,2023-03-16 12:30:00,99.36,99.91,99.3,99.81,1304144,GOOG
918,2023-03-16 12:15:00,99.7,99.94,99.165,99.36,1976624,GOOG
919,2023-03-16 12:00:00,100.045,100.05,99.38,99.69,1914354,GOOG
920,2023-03-16 11:45:00,99.93,100.1,99.72,100.05,2371739,GOOG
921,2023-03-16 11:30:00,99.98,100.19,99.7,99.935,3485235,GOOG
922,2023-03-16 11:15:00,99.12,99.99,99.07,99.97,3009839,GOOG
923,2023-03-16 11:00:00,98.476,99.4555,98.38,99.125,2971938,GOOG
924,2023-03-16 10:45:00,97.68,98.5,97.56,98.48,2075516,GOOG
925,2023-03-16 10:30:00,97.84,98.08,97.485,97.6913,2427854,GOOG
926,2023-03-16 10:15:00,97.65,97.89,97.16,97.84,1962238,GOOG
927,2023-03-16 10:00:00,96.7,97.73,96.48,97.633,2574081,GOOG
928,2023-03-16 09:45:00,96.2,96.97,95.5,96.69,3520173,GOOG
929,2023-03-16 09:30:00,96.35,96.68,96.09,96.2,87811,GOOG
930,2023-03-16 09:15:00,96.6,96.68,96.32,96.48,25742,GOOG
931,2023-03-16 09:00:00,96.5,96.69,96.4203,96.58,48773,GOOG
932,2023-03-16 08:45:00,96.98,97.0,96.51,96.55,72052,GOOG
933,2023-03-16 08:30:00,96.96,97.0,96.84,96.9015,32033,GOOG
934,2023-03-16 08:15:00,96.4,97.0,95.87,96.95,67204,GOOG
935,2023-03-16 08:00:00,96.84,96.97,96.83,96.89,23630,GOOG
936,2023-03-16 07:45:00,96.46,96.84,96.46,96.81,13995,GOOG
937,2023-03-16 07:30:00,96.39,96.52,96.35,96.47,8160,GOOG
938,2023-03-16 07:15:00,96.42,96.54,96.3,96.33,13064,GOOG
939,2023-03-16 07:00:00,96.44,96.44,96.36,96.38,2631,GOOG
940,2023-03-16 06:45:00,96.49,96.51,96.42,96.44,5529,GOOG
941,2023-03-16 06:30:00,96.42,96.48,96.37,96.46,3198,GOOG
942,2023-03-16 06:15:00,96.2,96.31,96.2,96.31,801,GOOG
943,2023-03-16 06:00:00,96.19,96.25,96.14,96.2,7445,GOOG
944,2023-03-16 05:45:00,96.23,96.28,96.19,96.25,10566,GOOG
945,2023-03-16 05:30:00,96.28,96.29,96.12,96.22,7914,GOOG
946,2023-03-16 05:15:00,96.3,96.42,96.28,96.42,1188,GOOG
947,2023-03-16 05:00:00,96.45,96.45,96.31,96.31,3323,GOOG
948,2023-03-16 04:45:00,96.53,96.55,96.3,96.5,3263,GOOG
949,2023-03-16 04:30:00,96.36,96.43,96.12,96.38,8759,GOOG
950,2023-03-16 04:15:00,96.22,96.43,95.0,96.4,8256,GOOG
951,2023-03-15 20:00:00,96.68,96.68,96.41,96.5,14193,GOOG
952,2023-03-15 19:45:00,96.7,96.83,96.7,96.71,3959,GOOG
953,2023-03-15 19:30:00,96.85,96.85,96.74,96.74,6697,GOOG
954,2023-03-15 19:15:00,96.74,96.87,96.65,96.87,4688,GOOG
955,2023-03-15 19:00:00,96.68,96.8,96.63,96.63,7827,GOOG
956,2023-03-15 18:45:00,96.5,96.69,96.49,96.68,10775,GOOG
957,2023-03-15 18:30:00,96.43,96.51,96.41,96.42,9707,GOOG
958,2023-03-15 18:15:00,96.4,96.47,96.4,96.45,8114,GOOG
959,2023-03-15 18:00:00,96.36,96.41,96.3502,96.3742,2930,GOOG
960,2023-03-15 17:45:00,96.45,96.4564,96.3515,96.3515,4618,GOOG
961,2023-03-15 17:30:00,96.49,96.49,96.36,96.4,12574,GOOG
962,2023-03-15 17:15:00,96.46,96.51,96.4,96.47,8048,GOOG
963,2023-03-15 17:00:00,96.5,96.5,96.45,96.45,6301,GOOG
964,2023-03-15 16:45:00,96.4,96.51,96.11,96.4701,46723,GOOG
965,2023-03-15 16:30:00,96.25,96.44,96.11,96.43,79578,GOOG
966,2023-03-15 16:15:00,96.09,96.48,96.04,96.26,2897504,GOOG
967,2023-03-15 16:00:00,96.36,96.41,95.675,96.29,5142552,GOOG
968,2023-03-15 15:45:00,96.77,96.93,95.98,96.3625,2506250,GOOG
969,2023-03-15 15:30:00,96.4499,96.7864,96.3431,96.77,1479037,GOOG
970,2023-03-15 15:15:00,96.525,96.9,96.17,96.44,1655757,GOOG
971,2023-03-15 15:00:00,96.563,96.64,96.1721,96.525,1323580,GOOG
972,2023-03-15 14:45:00,96.49,96.72,96.42,96.56,1845872,GOOG
973,2023-03-15 14:30:00,95.85,96.655,95.64,96.48,2040253,GOOG
974,2023-03-15 14:15:00,95.94,96.0,95.74,95.86,1153929,GOOG
975,2023-03-15 14:00:00,95.45,96.07,95.385,95.94,1093147,GOOG
976,2023-03-15 13:45:00,95.82,95.965,95.4,95.435,1333978,GOOG
977,2023-03-15 13:30:00,95.55,95.88,95.35,95.83,1530486,GOOG
978,2023-03-15 13:15:00,94.66,95.57,94.61,95.56,1496129,GOOG
979,2023-03-15 13:00:00,94.815,95.0,94.5214,94.675,971324,GOOG
980,2023-03-15 12:45:00,94.7,95.09,94.57,94.83,1368810,GOOG
981,2023-03-15 12:30:00,94.395,94.73,94.335,94.71,993874,GOOG
982,2023-03-15 12:15:00,94.58,94.69,94.22,94.3958,971142,GOOG
983,2023-03-15 12:00:00,94.515,94.92,94.4887,94.58,1579888,GOOG
984,2023-03-15 11:45:00,93.84,94.56,93.81,94.52,1142557,GOOG
985,2023-03-15 11:30:00,93.47,93.91,93.38,93.84,981052,GOOG
986,2023-03-15 11:15:00,93.31,93.53,93.12,93.465,954646,GOOG
987,2023-03-15 11:00:00,92.84,93.47,92.64,93.3,1129675,GOOG
988,2023-03-15 10:45:00,93.3,93.47,92.745,92.84,1000088,GOOG
989,2023-03-15 10:30:00,93.16,93.5501,93.03,93.29,864982,GOOG
990,2023-03-15 10:15:00,93.19,93.815,93.13,93.15,1553597,GOOG
991,2023-03-15 10:00:00,94.1,94.15,93.03,93.2,1529744,GOOG
992,2023-03-15 09:45:00,93.22,94.17,92.94,94.09,2296863,GOOG
993,2023-03-15 09:30:00,92.57,93.44,92.53,93.26,131013,GOOG
994,2023-03-15 09:15:00,92.51,92.7697,92.3,92.53,33811,GOOG
995,2023-03-15 09:00:00,92.39,92.72,92.2,92.53,65417,GOOG
996,2023-03-15 08:45:00,92.61,93.06,92.3,92.37,75828,GOOG
997,2023-03-15 08:30:00,92.5,92.66,92.41,92.6032,30388,GOOG
998,2023-03-15 08:15:00,92.43,94.39,92.09,92.42,58797,GOOG
999,2023-03-15 08:00:00,92.4,92.4,92.18,92.33,15727,GOOG
1000,2023-03-15 07:45:00,92.5,92.58,92.3,92.4,28163,GOOG
1001,2023-03-15 07:30:00,92.6,92.6,92.37,92.55,8686,GOOG
1002,2023-03-15 07:15:00,92.38,92.67,92.32,92.6,20026,GOOG
1003,2023-03-15 07:00:00,92.6,92.71,91.8,92.11,39484,GOOG
1004,2023-03-15 06:45:00,93.0,93.31,92.58,92.67,15953,GOOG
1005,2023-03-15 06:30:00,92.99,93.04,92.88,92.88,5193,GOOG
1006,2023-03-15 06:15:00,93.26,93.26,93.03,93.06,4924,GOOG
1007,2023-03-15 06:00:00,93.39,93.39,93.2,93.2,6601,GOOG
1008,2023-03-15 05:45:00,93.53,93.53,93.36,93.36,2564,GOOG
1009,2023-03-15 05:30:00,93.66,93.67,93.5,93.56,4509,GOOG
1010,2023-03-15 05:15:00,93.78,93.78,93.78,93.78,308,GOOG
1011,2023-03-15 05:00:00,94.09,94.1,94.06,94.06,1103,GOOG
1012,2023-03-15 04:45:00,94.09,94.09,93.96,93.96,1149,GOOG
1013,2023-03-15 04:30:00,94.23,94.25,94.1,94.11,6203,GOOG
1014,2023-03-15 04:15:00,93.83,94.25,93.83,94.18,4000,GOOG
1015,2023-03-14 20:00:00,93.94,93.94,93.8,93.85,2873,GOOG
1016,2023-03-14 19:45:00,93.82,93.9,93.79,93.9,2373,GOOG
1017,2023-03-14 19:30:00,93.88,93.88,93.8701,93.8701,513,GOOG
1018,2023-03-14 19:15:00,93.79,93.91,93.79,93.87,5246,GOOG
1019,2023-03-14 19:00:00,93.81,93.89,93.81,93.83,1392,GOOG
1020,2023-03-14 18:45:00,93.85,93.86,93.85,93.85,921,GOOG
1021,2023-03-14 18:30:00,93.9,93.99,93.89,93.99,2186,GOOG
1022,2023-03-14 18:15:00,93.96,94.24,93.95,94.0,34613,GOOG
1023,2023-03-14 18:00:00,93.95,93.97,93.95,93.96,1247,GOOG
1024,2023-03-14 17:45:00,93.93,93.97,93.91,93.97,4529,GOOG
1025,2023-03-14 17:30:00,93.97,93.99,93.97,93.97,5525,GOOG
1026,2023-03-14 17:15:00,93.9014,93.99,93.9,93.97,451267,GOOG
1027,2023-03-14 17:00:00,93.87,94.11,93.85,93.91,11571,GOOG
1028,2023-03-14 16:45:00,93.9,94.0,93.62,93.8,24971,GOOG
1029,2023-03-14 16:30:00,93.9396,93.97,93.85,93.9,120152,GOOG
1030,2023-03-14 16:15:00,93.97,94.0,93.79,93.95,2119445,GOOG
1031,2023-03-14 16:00:00,93.475,94.06,93.46,93.94,3656864,GOOG
1032,2023-03-14 15:45:00,92.97,93.49,92.875,93.465,1170914,GOOG
1033,2023-03-14 15:30:00,92.675,93.01,92.6,92.97,972417,GOOG
1034,2023-03-14 15:15:00,93.29,93.39,92.65,92.68,762184,GOOG
1035,2023-03-14 15:00:00,93.03,93.3621,93.02,93.28,996528,GOOG
1036,2023-03-14 14:45:00,93.075,93.18,92.98,93.04,618458,GOOG
1037,2023-03-14 14:30:00,92.77,93.155,92.485,93.076,583638,GOOG
1038,2023-03-14 14:15:00,93.05,93.1,92.44,92.77,1193401,GOOG
1039,2023-03-14 14:00:00,93.122,93.25,92.96,93.05,887620,GOOG
1040,2023-03-14 13:45:00,93.19,93.34,92.92,93.12,977720,GOOG
1041,2023-03-14 13:30:00,93.225,93.295,92.825,93.1901,992958,GOOG
1042,2023-03-14 13:15:00,93.53,93.65,93.18,93.23,592883,GOOG
1043,2023-03-14 13:00:00,93.69,93.86,93.4,93.52,593482,GOOG
1044,2023-03-14 12:45:00,93.69,93.875,93.595,93.6912,623935,GOOG
1045,2023-03-14 12:30:00,93.91,93.92,93.53,93.68,493268,GOOG
1046,2023-03-14 12:15:00,93.75,94.06,93.69,93.92,514891,GOOG
1047,2023-03-14 12:00:00,94.18,94.185,93.71,93.75,574998,GOOG
1048,2023-03-14 11:45:00,93.89,94.175,93.87,94.175,650158,GOOG
1049,2023-03-14 11:30:00,94.02,94.02,93.83,93.88,646391,GOOG
1050,2023-03-14 11:15:00,93.78,94.14,93.7596,94.02,796259,GOOG
1051,2023-03-14 11:00:00,93.82,94.08,93.74,93.77,1082817,GOOG
1052,2023-03-14 10:45:00,94.045,94.25,93.82,93.825,858081,GOOG
1053,2023-03-14 10:30:00,94.09,94.22,93.6509,94.04,1057539,GOOG
1054,2023-03-14 10:15:00,93.955,94.36,93.77,94.1,1813622,GOOG
1055,2023-03-14 10:00:00,93.61,94.03,93.4,93.955,1706834,GOOG
1056,2023-03-14 09:45:00,92.56,93.7,92.49,93.61,2446634,GOOG
1057,2023-03-14 09:30:00,92.655,92.97,92.3,92.54,179092,GOOG
1058,2023-03-14 09:15:00,92.4,92.91,92.36,92.65,157205,GOOG
1059,2023-03-14 09:00:00,92.27,92.54,92.05,92.37,64165,GOOG
1060,2023-03-14 08:45:00,92.0,92.7284,90.82,92.36,173998,GOOG
1061,2023-03-14 08:30:00,91.96,92.18,91.89,92.1,45630,GOOG
1062,2023-03-14 08:15:00,91.6002,92.07,91.0,91.98,48992,GOOG
1063,2023-03-14 08:00:00,91.96,92.0,91.81,91.81,9334,GOOG
1064,2023-03-14 07:45:00,91.82,91.85,91.82,91.85,3559,GOOG
1065,2023-03-14 07:30:00,91.75,91.88,91.72,91.88,8556,GOOG
1066,2023-03-14 07:15:00,91.64,91.76,91.64,91.76,6919,GOOG
1067,2023-03-14 07:00:00,91.6,91.65,91.6,91.62,1213,GOOG
1068,2023-03-14 06:45:00,91.55,91.55,91.55,91.55,819,GOOG
1069,2023-03-14 06:30:00,91.53,91.53,91.53,91.53,546,GOOG
1070,2023-03-14 06:00:00,91.69,91.69,91.53,91.53,3566,GOOG
1071,2023-03-14 05:15:00,91.7,91.7,91.5,91.56,6432,GOOG
1072,2023-03-14 04:45:00,91.71,91.71,91.69,91.69,750,GOOG
1073,2023-03-14 04:15:00,91.2,91.5,91.1,91.41,2341,GOOG
1074,2023-03-13 20:00:00,91.38,91.5,91.38,91.45,3951,GOOG
1075,2023-03-13 19:45:00,91.36,91.41,91.29,91.41,3062,GOOG
1076,2023-03-13 19:30:00,91.41,91.53,91.29,91.45,4322,GOOG
1077,2023-03-13 19:15:00,91.42,91.5,91.41,91.41,1562,GOOG
1078,2023-03-13 19:00:00,91.25,91.42,91.25,91.41,3083,GOOG
1079,2023-03-13 18:45:00,91.24,91.29,91.24,91.25,1128,GOOG
1080,2023-03-13 18:30:00,91.23,91.25,91.23,91.25,635,GOOG
1081,2023-03-13 18:15:00,91.28,91.28,91.12,91.17,6832,GOOG
1082,2023-03-13 18:00:00,91.22,91.26,91.21,91.21,2092,GOOG
1083,2023-03-13 17:45:00,91.22,91.25,91.22,91.22,2852,GOOG
1084,2023-03-13 17:30:00,91.25,91.25,91.1931,91.1931,9212,GOOG
1085,2023-03-13 17:15:00,91.25,91.26,91.25,91.25,1558,GOOG
1086,2023-03-13 17:00:00,91.12,91.3,91.05,91.25,69049,GOOG
1087,2023-03-13 16:45:00,91.05,91.19,91.05,91.15,13244,GOOG
1088,2023-03-13 16:30:00,91.19,91.25,91.07,91.07,23851,GOOG
1089,2023-03-13 16:15:00,91.11,91.29,91.11,91.11,1577323,GOOG
1090,2023-03-13 16:00:00,91.89,91.98,91.05,91.1,2514112,GOOG
1091,2023-03-13 15:45:00,91.55,92.075,91.48,91.89,1227709,GOOG
1092,2023-03-13 15:30:00,92.28,92.35,91.415,91.55,1138193,GOOG
1093,2023-03-13 15:15:00,92.3,92.47,92.06,92.285,893611,GOOG
1094,2023-03-13 15:00:00,92.12,92.33,91.8995,92.31,763245,GOOG
1095,2023-03-13 14:45:00,92.19,92.44,91.97,92.11,1082702,GOOG
1096,2023-03-13 14:30:00,92.06,92.27,91.94,92.19,977507,GOOG
1097,2023-03-13 14:15:00,91.78,92.13,91.77,92.06,876621,GOOG
1098,2023-03-13 14:00:00,91.8,91.86,91.56,91.78,669203,GOOG
1099,2023-03-13 13:45:00,91.34,91.89,91.2,91.79,788692,GOOG
1100,2023-03-13 13:30:00,91.68,91.95,91.25,91.34,695506,GOOG
1101,2023-03-13 13:15:00,91.97,91.992,91.37,91.7,895223,GOOG
1102,2023-03-13 13:00:00,92.4179,92.5,91.86,91.975,903962,GOOG
1103,2023-03-13 12:45:00,92.18,92.57,91.94,92.42,868353,GOOG
1104,2023-03-13 12:30:00,92.21,92.5,92.0113,92.2,835524,GOOG
1105,2023-03-13 12:15:00,92.1,92.51,91.97,92.22,1044050,GOOG
1106,2023-03-13 12:00:00,92.05,92.39,91.84,92.09,1020000,GOOG
1107,2023-03-13 11:45:00,92.09,92.18,91.5809,92.045,941957,GOOG
1108,2023-03-13 11:30:00,91.88,92.22,91.75,92.09,1443929,GOOG
1109,2023-03-13 11:15:00,91.51,92.13,91.405,91.86,1402282,GOOG
1110,2023-03-13 11:00:00,91.11,91.64,90.75,91.49,1349733,GOOG
1111,2023-03-13 10:45:00,91.24,91.59,90.81,91.1,1388354,GOOG
1112,2023-03-13 10:30:00,91.56,91.655,91.11,91.23,1849398,GOOG
1113,2023-03-13 10:15:00,91.36,91.9713,91.06,91.56,1659789,GOOG
1114,2023-03-13 10:00:00,89.87,91.76,89.66,91.375,2132745,GOOG
1115,2023-03-13 09:45:00,90.09,90.36,89.42,89.87,2630479,GOOG
1116,2023-03-13 09:30:00,90.0,90.61,89.86,90.18,217405,GOOG
1117,2023-03-13 09:15:00,89.99,90.2,89.54,89.94,104026,GOOG
1118,2023-03-13 09:00:00,90.13,90.16,89.31,89.93,112117,GOOG
1119,2023-03-13 08:45:00,91.09,91.16,90.11,90.15,105478,GOOG
1120,2023-03-13 08:30:00,91.09,91.35,90.89,91.0044,47346,GOOG
1121,2023-03-13 08:15:00,91.6,92.46,90.404,90.95,76997,GOOG
1122,2023-03-13 08:00:00,91.35,91.52,91.11,91.52,17964,GOOG
1123,2023-03-13 07:45:00,91.64,91.7,91.3,91.31,17363,GOOG
1124,2023-03-13 07:30:00,91.7,91.82,91.59,91.6,15095,GOOG
1125,2023-03-13 07:15:00,91.55,91.97,91.53,91.75,30684,GOOG
1126,2023-03-13 07:00:00,91.02,91.85,91.02,91.85,24323,GOOG
1127,2023-03-13 06:45:00,91.12,91.2,91.05,91.2,7375,GOOG
1128,2023-03-13 06:30:00,91.0,91.19,90.93,91.18,5555,GOOG
1129,2023-03-13 06:15:00,91.11,91.33,91.11,91.15,5085,GOOG
1130,2023-03-13 06:00:00,91.17,91.28,91.1,91.1,7000,GOOG
1131,2023-03-13 05:45:00,90.8,91.15,90.67,91.15,26137,GOOG
1132,2023-03-13 05:30:00,91.49,91.49,90.81,90.98,7257,GOOG
1133,2023-03-13 05:15:00,91.52,91.53,91.0,91.25,12446,GOOG
1134,2023-03-13 05:00:00,91.5,91.57,91.33,91.5,3771,GOOG
1135,2023-03-13 04:45:00,91.94,91.94,91.7,91.7,4292,GOOG
1136,2023-03-13 04:30:00,92.26,92.26,92.05,92.12,4865,GOOG
1137,2023-03-13 04:15:00,91.73,92.29,91.73,92.29,5178,GOOG
1138,2023-03-10 20:00:00,90.8,90.81,90.8,90.8,1687,GOOG
1139,2023-03-10 19:45:00,90.82,90.82,90.71,90.71,765,GOOG
1140,2023-03-10 19:30:00,90.8199,90.8199,90.71,90.8199,965,GOOG
1141,2023-03-10 19:15:00,90.77,90.77,90.75,90.75,1073,GOOG
1142,2023-03-10 19:00:00,90.8,90.83,90.77,90.83,1577,GOOG
1143,2023-03-10 18:45:00,90.83,90.87,90.83,90.83,1751,GOOG
1144,2023-03-10 18:30:00,90.89,90.97,90.83,90.83,879,GOOG
1145,2023-03-10 18:15:00,90.83,90.88,90.82,90.83,2093,GOOG
1146,2023-03-10 18:00:00,90.9915,90.9915,90.85,90.85,2971,GOOG
1147,2023-03-10 17:45:00,90.93,90.99,90.91,90.96,2752,GOOG
1148,2023-03-10 17:30:00,91.01,91.03,90.91,91.0,5924,GOOG
1149,2023-03-10 17:15:00,90.87,91.03,90.8,91.03,26332,GOOG
1150,2023-03-10 17:00:00,90.79,91.09,90.71,91.0,226969,GOOG
1151,2023-03-10 16:45:00,90.63,90.76,90.58,90.76,41244,GOOG
1152,2023-03-10 16:30:00,90.48,90.63,90.48,90.58,46616,GOOG
1153,2023-03-10 16:15:00,90.63,90.87,90.45,90.45,863652,GOOG
1154,2023-03-10 16:00:00,90.47,90.68,90.415,90.64,2985430,GOOG
1155,2023-03-10 15:45:00,90.9,90.93,90.405,90.465,1173770,GOOG
1156,2023-03-10 15:30:00,91.04,91.18,90.7,90.915,1020263,GOOG
1157,2023-03-10 15:15:00,91.22,91.3,90.88,91.05,1003045,GOOG
1158,2023-03-10 15:00:00,90.81,91.41,90.81,91.22,927006,GOOG
1159,2023-03-10 14:45:00,90.585,91.0999,90.56,90.8073,1343573,GOOG
1160,2023-03-10 14:30:00,90.64,90.755,90.54,90.59,812938,GOOG
1161,2023-03-10 14:15:00,90.425,91.0,90.405,90.65,1596051,GOOG
1162,2023-03-10 14:00:00,90.98,91.01,90.395,90.43,1586990,GOOG
1163,2023-03-10 13:45:00,91.35,91.405,90.82,90.9899,1421683,GOOG
1164,2023-03-10 13:30:00,91.765,91.77,91.35,91.35,877232,GOOG
1165,2023-03-10 13:15:00,91.6856,91.91,91.67,91.77,619680,GOOG
1166,2023-03-10 13:00:00,92.04,92.13,91.65,91.69,522969,GOOG
1167,2023-03-10 12:45:00,91.965,92.35,91.8514,92.04,601475,GOOG
1168,2023-03-10 12:30:00,91.84,91.985,91.76,91.96,544366,GOOG
1169,2023-03-10 12:15:00,92.12,92.21,91.62,91.85,669166,GOOG
1170,2023-03-10 12:00:00,92.44,92.47,92.02,92.1343,880517,GOOG
1171,2023-03-10 11:45:00,92.32,92.68,92.29,92.44,876284,GOOG
1172,2023-03-10 11:30:00,92.11,92.43,91.89,92.325,1068347,GOOG
1173,2023-03-10 11:15:00,92.305,92.485,91.955,92.12,1437540,GOOG
1174,2023-03-10 11:00:00,91.54,92.3501,91.35,92.305,1042485,GOOG
1175,2023-03-10 10:45:00,91.7633,92.0,91.48,91.55,977993,GOOG
1176,2023-03-10 10:30:00,92.15,92.34,91.635,91.76,1052333,GOOG
1177,2023-03-10 10:15:00,91.73,92.44,91.705,92.17,1570160,GOOG
1178,2023-03-10 10:00:00,91.83,91.99,91.56,91.73,1554083,GOOG
1179,2023-03-10 09:45:00,92.17,92.79,91.6701,91.82,1978610,GOOG
1180,2023-03-10 09:30:00,92.46,92.6,92.0,92.11,78878,GOOG
1181,2023-03-10 09:15:00,92.89,93.16,92.4,92.4,70495,GOOG
1182,2023-03-10 09:00:00,92.9994,93.22,92.85,92.85,98921,GOOG
1183,2023-03-10 08:45:00,92.65,93.4,91.75,92.93,137688,GOOG
1184,2023-03-10 08:30:00,92.38,92.55,92.22,92.3328,32456,GOOG
1185,2023-03-10 08:15:00,92.61,92.65,91.55,92.36,40588,GOOG
1186,2023-03-10 08:00:00,92.27,92.38,92.25,92.28,9493,GOOG
1187,2023-03-10 07:45:00,92.33,92.33,92.18,92.27,19594,GOOG
1188,2023-03-10 07:30:00,92.45,92.59,92.41,92.5,18735,GOOG
1189,2023-03-10 07:15:00,92.69,92.7,92.48,92.5,12842,GOOG
1190,2023-03-10 07:00:00,92.78,92.8,92.7,92.7,2002,GOOG
1191,2023-03-10 06:45:00,92.35,92.84,92.35,92.79,8124,GOOG
1192,2023-03-10 06:30:00,92.22,92.34,92.22,92.34,4475,GOOG
1193,2023-03-10 06:15:00,92.26,92.36,92.26,92.36,1573,GOOG
1194,2023-03-10 06:00:00,92.26,92.26,92.25,92.25,783,GOOG
1195,2023-03-10 05:45:00,92.2,92.2,92.19,92.19,1426,GOOG
1196,2023-03-10 05:30:00,92.14,92.38,92.14,92.38,3244,GOOG
1197,2023-03-10 05:00:00,92.02,92.06,91.98,91.98,4770,GOOG
1198,2023-03-10 04:45:00,92.31,92.34,92.0,92.12,5885,GOOG
1199,2023-03-10 04:30:00,92.36,92.36,92.27,92.27,754,GOOG
1200,2023-03-10 04:15:00,92.18,92.36,92.15,92.31,3608,GOOG
1201,2023-03-09 20:00:00,92.0,92.0,91.79,91.79,8232,GOOG
1202,2023-03-09 19:45:00,91.91,92.1,91.86,92.07,4396,GOOG
1203,2023-03-09 19:30:00,92.02,92.04,91.92,91.92,3406,GOOG
1204,2023-03-09 19:15:00,91.95,92.05,91.95,92.05,4027,GOOG
1205,2023-03-09 19:00:00,92.06,92.06,92.0,92.0,3115,GOOG
1206,2023-03-09 18:45:00,92.06,92.13,92.02,92.02,13223,GOOG
1207,2023-03-09 18:30:00,92.1,92.19,92.07,92.07,3171,GOOG
1208,2023-03-09 18:15:00,92.22,92.22,92.05,92.08,23345,GOOG
1209,2023-03-09 18:00:00,92.19,92.26,92.19,92.2101,5292,GOOG
1210,2023-03-09 17:45:00,92.19,92.19,92.12,92.18,2811,GOOG
1211,2023-03-09 17:30:00,92.19,92.2,92.15,92.2,5315,GOOG
1212,2023-03-09 17:15:00,92.24,92.2773,92.2,92.22,2955,GOOG
1213,2023-03-09 17:00:00,92.21,92.28,92.2,92.28,6903,GOOG
1214,2023-03-09 16:45:00,92.2,92.24,92.17,92.19,27772,GOOG
1215,2023-03-09 16:30:00,92.28,92.32,92.13,92.18,42880,GOOG
1216,2023-03-09 16:15:00,92.32,92.39,92.14,92.25,712059,GOOG
1217,2023-03-09 16:00:00,92.46,92.71,92.18,92.32,2607342,GOOG
1218,2023-03-09 15:45:00,92.235,92.6,92.09,92.46,1197301,GOOG
1219,2023-03-09 15:30:00,92.475,92.48,91.9,92.23,1814102,GOOG
1220,2023-03-09 15:15:00,93.14,93.19,92.42,92.48,1406982,GOOG
1221,2023-03-09 15:00:00,93.36,93.425,93.065,93.13,557461,GOOG
1222,2023-03-09 14:45:00,93.295,93.44,93.0524,93.3595,613717,GOOG
1223,2023-03-09 14:30:00,93.3736,93.54,93.29,93.2979,619792,GOOG
1224,2023-03-09 14:15:00,93.4,93.4073,93.16,93.38,715164,GOOG
1225,2023-03-09 14:00:00,93.49,93.53,93.155,93.4,747872,GOOG
1226,2023-03-09 13:45:00,93.69,93.69,93.35,93.495,660325,GOOG
1227,2023-03-09 13:30:00,94.07,94.095,93.63,93.7,576633,GOOG
1228,2023-03-09 13:15:00,94.15,94.375,94.06,94.08,740578,GOOG
1229,2023-03-09 13:00:00,94.3,94.325,94.055,94.15,509713,GOOG
1230,2023-03-09 12:45:00,94.865,94.8899,94.28,94.3,564406,GOOG
1231,2023-03-09 12:30:00,94.675,94.88,94.61,94.8626,513188,GOOG
1232,2023-03-09 12:15:00,94.67,94.7242,94.38,94.675,741737,GOOG
1233,2023-03-09 12:00:00,94.685,94.89,94.615,94.67,884059,GOOG
1234,2023-03-09 11:45:00,94.57,94.7881,94.555,94.69,451892,GOOG
1235,2023-03-09 11:30:00,94.86,94.93,94.55,94.56,733504,GOOG
1236,2023-03-09 11:15:00,94.82,94.972,94.7085,94.8508,630727,GOOG
1237,2023-03-09 11:00:00,95.25,95.26,94.67,94.83,748408,GOOG
1238,2023-03-09 10:45:00,95.02,95.31,94.92,95.25,602584,GOOG
1239,2023-03-09 10:30:00,94.97,95.055,94.7,95.02,948905,GOOG
1240,2023-03-09 10:15:00,95.11,95.45,94.95,94.96,1189839,GOOG
1241,2023-03-09 10:00:00,94.825,95.53,94.78,95.11,1670918,GOOG
1242,2023-03-09 09:45:00,94.05,95.0292,93.97,94.825,1929243,GOOG
1243,2023-03-09 09:30:00,94.39,94.39,93.8,93.96,132750,GOOG
1244,2023-03-09 09:15:00,94.57,94.68,94.23,94.4,73804,GOOG
1245,2023-03-09 09:00:00,94.16,94.53,94.0215,94.53,61466,GOOG
1246,2023-03-09 08:45:00,93.89,94.32,93.69,94.12,115831,GOOG
1247,2023-03-09 08:30:00,93.65,93.75,93.65,93.73,8666,GOOG
1248,2023-03-09 08:15:00,93.9001,94.25,93.6,93.64,32643,GOOG
1249,2023-03-09 08:00:00,93.81,93.91,93.7,93.71,8909,GOOG
1250,2023-03-09 07:45:00,93.86,93.86,93.8,93.8,3472,GOOG
1251,2023-03-09 07:30:00,93.86,93.9,93.85,93.9,2564,GOOG
1252,2023-03-09 07:15:00,93.95,93.99,93.86,93.88,5350,GOOG
1253,2023-03-09 07:00:00,93.91,93.95,93.91,93.95,3650,GOOG
1254,2023-03-09 06:45:00,93.94,93.94,93.92,93.92,495,GOOG
1255,2023-03-09 06:30:00,93.89,93.92,93.86,93.87,964,GOOG
1256,2023-03-09 06:15:00,93.9,93.91,93.9,93.91,485,GOOG
1257,2023-03-09 06:00:00,93.83,93.83,93.83,93.83,504,GOOG
1258,2023-03-09 05:45:00,93.87,93.91,93.87,93.91,1368,GOOG
1259,2023-03-09 05:30:00,93.79,93.82,93.79,93.82,2480,GOOG
1260,2023-03-09 05:15:00,93.83,93.93,93.79,93.85,8042,GOOG
1261,2023-03-09 05:00:00,93.82,93.88,93.82,93.88,1136,GOOG
1262,2023-03-09 04:45:00,93.89,93.95,93.87,93.95,1311,GOOG
1263,2023-03-09 04:30:00,93.88,93.88,93.82,93.82,3761,GOOG
1264,2023-03-09 04:15:00,94.0,94.19,93.8,93.86,7654,GOOG
1265,2023-03-08 20:00:00,94.22,94.32,94.13,94.22,6597,GOOG
1266,2023-03-08 19:45:00,94.2,94.21,94.04,94.21,25046,GOOG
1267,2023-03-08 19:30:00,94.23,94.25,94.2,94.22,11604,GOOG
1268,2023-03-08 19:15:00,94.32,94.37,94.2,94.22,5300,GOOG
1269,2023-03-08 19:00:00,94.33,94.33,94.3,94.32,761,GOOG
1270,2023-03-08 18:45:00,94.33,94.4,94.3,94.3,12899,GOOG
1271,2023-03-08 18:30:00,94.26,94.34,94.26,94.26,2858,GOOG
1272,2023-03-08 18:15:00,94.3101,94.3101,94.26,94.26,3941,GOOG
1273,2023-03-08 18:00:00,94.315,94.4,94.31,94.4,1192,GOOG
1274,2023-03-08 17:45:00,94.3,94.4,94.3,94.4,5913,GOOG
1275,2023-03-08 17:30:00,94.29,94.3,94.29,94.3,1969,GOOG
1276,2023-03-08 17:15:00,94.35,94.38,94.3,94.3,3910,GOOG
1277,2023-03-08 17:00:00,94.38,94.39,94.37,94.39,3865,GOOG
1278,2023-03-08 16:45:00,94.25,94.45,94.25,94.38,19878,GOOG
1279,2023-03-08 16:30:00,94.25,94.28,94.25,94.25,3313,GOOG
1280,2023-03-08 16:15:00,94.25,94.28,94.16,94.26,1151761,GOOG
1281,2023-03-08 16:00:00,94.5,94.605,94.0,94.27,2888419,GOOG
1282,2023-03-08 15:45:00,94.15,94.525,94.125,94.4987,1084891,GOOG
1283,2023-03-08 15:30:00,94.08,94.19,94.055,94.15,804250,GOOG
1284,2023-03-08 15:15:00,94.28,94.305,94.025,94.075,893128,GOOG
1285,2023-03-08 15:00:00,94.41,94.47,94.21,94.285,789610,GOOG
1286,2023-03-08 14:45:00,94.585,94.69,94.4,94.41,639184,GOOG
1287,2023-03-08 14:30:00,94.56,94.785,94.535,94.5825,716392,GOOG
1288,2023-03-08 14:15:00,94.67,94.76,94.455,94.5611,822111,GOOG
1289,2023-03-08 14:00:00,94.71,94.8,94.55,94.66,787958,GOOG
1290,2023-03-08 13:45:00,94.69,94.82,94.62,94.72,518458,GOOG
1291,2023-03-08 13:30:00,94.88,94.8981,94.65,94.7,723742,GOOG
1292,2023-03-08 13:15:00,95.0825,95.09,94.805,94.885,868895,GOOG
1293,2023-03-08 13:00:00,95.3299,95.4,95.01,95.08,775556,GOOG
1294,2023-03-08 12:45:00,95.07,95.35,94.685,95.325,1635539,GOOG
1295,2023-03-08 12:30:00,95.49,95.57,95.07,95.07,1023134,GOOG
1296,2023-03-08 12:15:00,95.595,95.6783,95.335,95.5,950627,GOOG
1297,2023-03-08 12:00:00,95.56,95.76,95.49,95.6,1018677,GOOG
1298,2023-03-08 11:45:00,95.5,95.57,95.18,95.56,1024999,GOOG
1299,2023-03-08 11:30:00,95.807,95.815,95.48,95.5,1190103,GOOG
1300,2023-03-08 11:15:00,95.34,95.955,95.29,95.805,1811002,GOOG
1301,2023-03-08 11:00:00,95.2,95.35,95.07,95.3394,878433,GOOG
1302,2023-03-08 10:45:00,95.09,95.39,94.9832,95.19,1234086,GOOG
1303,2023-03-08 10:30:00,94.8,95.12,94.555,95.08,1291865,GOOG
1304,2023-03-08 10:15:00,94.8,95.13,94.25,94.78,1425824,GOOG
1305,2023-03-08 10:00:00,94.37,94.835,94.28,94.8,1033901,GOOG
1306,2023-03-08 09:45:00,94.12,94.85,94.11,94.36,1928813,GOOG
1307,2023-03-08 09:30:00,94.0,94.29,93.88,94.14,86457,GOOG
1308,2023-03-08 09:15:00,94.14,94.19,93.97,94.0,26606,GOOG
1309,2023-03-08 09:00:00,94.22,94.2389,93.93,94.08,30844,GOOG
1310,2023-03-08 08:45:00,94.13,94.3,94.08,94.2599,66423,GOOG
1311,2023-03-08 08:30:00,94.0,94.27,93.86,94.06,55359,GOOG
1312,2023-03-08 08:15:00,94.0201,94.2,93.5,94.13,62439,GOOG
1313,2023-03-08 08:00:00,93.89,94.0,93.84,93.94,5193,GOOG
1314,2023-03-08 07:45:00,93.97,93.99,93.77,93.89,12149,GOOG
1315,2023-03-08 07:30:00,94.0,94.0,93.86,93.86,6515,GOOG
1316,2023-03-08 07:15:00,93.94,94.1,93.88,94.0,12184,GOOG
1317,2023-03-08 07:00:00,93.92,93.92,93.92,93.92,165,GOOG
1318,2023-03-08 06:45:00,93.98,93.98,93.9,93.9,913,GOOG
1319,2023-03-08 06:30:00,94.12,94.18,94.09,94.09,1389,GOOG
1320,2023-03-08 06:15:00,93.93,94.13,93.93,94.13,2148,GOOG
1321,2023-03-08 06:00:00,93.86,93.9,93.78,93.83,3260,GOOG
1322,2023-03-08 05:45:00,93.86,93.87,93.86,93.87,478,GOOG
1323,2023-03-08 05:15:00,93.9,93.9,93.9,93.9,2757,GOOG
1324,2023-03-08 05:00:00,93.81,93.81,93.8,93.8,1028,GOOG
1325,2023-03-08 04:45:00,93.76,93.8,93.76,93.8,1574,GOOG
1326,2023-03-08 04:30:00,93.8,93.81,93.75,93.79,2369,GOOG
1327,2023-03-08 04:15:00,93.94,93.94,93.91,93.91,2318,GOOG
1328,2023-03-07 20:00:00,93.81,93.8402,93.81,93.84,4234,GOOG
1329,2023-03-07 19:45:00,93.89,93.89,93.81,93.81,904,GOOG
1330,2023-03-07 19:30:00,93.81,93.85,93.6,93.85,5595,GOOG
1331,2023-03-07 19:15:00,93.93,93.93,93.83,93.9,4286,GOOG
1332,2023-03-07 19:00:00,93.87,93.9,93.87,93.9,767,GOOG
1333,2023-03-07 18:45:00,93.91,93.91,93.9,93.9,2735,GOOG
1334,2023-03-07 18:30:00,93.92,93.92,93.92,93.92,426,GOOG
1335,2023-03-07 18:15:00,93.98,94.05,93.9,93.9,5219,GOOG
1336,2023-03-07 18:00:00,93.8641,93.91,93.86,93.91,915,GOOG
1337,2023-03-07 17:45:00,93.95,93.99,93.93,93.93,1811,GOOG
1338,2023-03-07 17:30:00,93.95,94.0,93.89,93.94,5587,GOOG
1339,2023-03-07 17:15:00,93.89,93.91,93.88,93.9,862,GOOG
1340,2023-03-07 17:00:00,94.0,94.03,93.86,93.89,8354,GOOG
1341,2023-03-07 16:45:00,94.03,94.06,93.86,93.9799,10147,GOOG
1342,2023-03-07 16:30:00,93.88,94.0897,93.88,94.04,11857,GOOG
1343,2023-03-07 16:15:00,93.86,93.88,93.85,93.88,786630,GOOG
1344,2023-03-07 16:00:00,93.775,93.94,93.65,93.89,2101780,GOOG
1345,2023-03-07 15:45:00,93.58,93.79,93.565,93.78,738797,GOOG
1346,2023-03-07 15:30:00,93.65,93.73,93.53,93.59,1074074,GOOG
1347,2023-03-07 15:15:00,93.6,93.73,93.6,93.64,540895,GOOG
1348,2023-03-07 15:00:00,93.66,93.7,93.59,93.61,663330,GOOG
1349,2023-03-07 14:45:00,93.79,93.875,93.64,93.67,657205,GOOG
1350,2023-03-07 14:30:00,93.985,94.07,93.76,93.78,557443,GOOG
1351,2023-03-07 14:15:00,93.71,94.03,93.69,93.99,660670,GOOG
1352,2023-03-07 14:00:00,93.95,93.955,93.6811,93.72,716812,GOOG
1353,2023-03-07 13:45:00,94.2825,94.38,93.95,93.95,1089957,GOOG
1354,2023-03-07 13:30:00,94.28,94.2999,94.14,94.2833,639623,GOOG
1355,2023-03-07 13:15:00,94.36,94.4,94.15,94.2817,741905,GOOG
1356,2023-03-07 13:00:00,94.6,94.7282,94.35,94.3698,452319,GOOG
1357,2023-03-07 12:45:00,94.75,94.795,94.5062,94.6,723856,GOOG
1358,2023-03-07 12:30:00,94.3,94.985,94.255,94.7573,919501,GOOG
1359,2023-03-07 12:15:00,94.53,94.615,94.2839,94.29,542318,GOOG
1360,2023-03-07 12:00:00,94.68,94.81,94.48,94.53,953303,GOOG
1361,2023-03-07 11:45:00,94.6,94.7,94.44,94.69,557408,GOOG
1362,2023-03-07 11:30:00,94.52,94.785,94.46,94.6,654721,GOOG
1363,2023-03-07 11:15:00,94.375,94.85,94.31,94.53,663593,GOOG
1364,2023-03-07 11:00:00,94.61,94.85,94.35,94.37,823303,GOOG
1365,2023-03-07 10:45:00,94.405,95.18,94.3,94.612,1456437,GOOG
1366,2023-03-07 10:30:00,94.17,94.63,94.04,94.39,1237573,GOOG
1367,2023-03-07 10:15:00,95.22,95.23,93.97,94.18,1888051,GOOG
1368,2023-03-07 10:00:00,95.26,95.53,95.145,95.2298,808816,GOOG
1369,2023-03-07 09:45:00,94.98,95.67,94.97,95.25,2003694,GOOG
1370,2023-03-07 09:30:00,94.93,95.0,94.6,95.0,40033,GOOG
1371,2023-03-07 09:15:00,95.01,95.09,94.8702,94.92,32595,GOOG
1372,2023-03-07 09:00:00,95.2,95.21,95.0411,95.0411,19269,GOOG
1373,2023-03-07 08:45:00,95.18,95.2985,95.18,95.2003,8477,GOOG
1374,2023-03-07 08:30:00,95.31,95.34,95.13,95.13,19358,GOOG
1375,2023-03-07 08:15:00,95.35,95.51,95.2,95.35,38999,GOOG
1376,2023-03-07 08:00:00,95.24,95.29,95.24,95.29,3365,GOOG
1377,2023-03-07 07:45:00,95.24,95.34,95.24,95.25,3505,GOOG
1378,2023-03-07 07:30:00,95.3,95.3,95.21,95.21,3539,GOOG
1379,2023-03-07 07:15:00,95.28,95.35,95.28,95.35,6509,GOOG
1380,2023-03-07 07:00:00,95.31,95.4,95.28,95.4,4532,GOOG
1381,2023-03-07 06:45:00,95.32,95.33,95.3,95.3,1862,GOOG
1382,2023-03-07 06:30:00,95.48,95.5,95.34,95.36,9365,GOOG
1383,2023-03-07 06:15:00,95.35,95.47,95.35,95.47,3620,GOOG
1384,2023-03-07 06:00:00,95.32,95.32,95.32,95.32,544,GOOG
1385,2023-03-07 05:45:00,95.35,95.35,95.35,95.35,325,GOOG
1386,2023-03-07 05:30:00,95.32,95.32,95.32,95.32,337,GOOG
1387,2023-03-07 05:15:00,95.24,95.33,95.23,95.3,2185,GOOG
1388,2023-03-07 05:00:00,95.32,95.33,95.32,95.33,282,GOOG
1389,2023-03-07 04:45:00,95.43,95.43,95.3,95.31,2933,GOOG
1390,2023-03-07 04:30:00,95.54,95.54,95.43,95.43,2347,GOOG
1391,2023-03-07 04:15:00,95.19,95.51,95.19,95.51,5479,GOOG
